label	collection_date	root_to_tip_residual_days
VLADIVOSTOK/A843/2025|EPI_ISL_20375029|0eee665b72	2025-12-06	1453.738186064193
VLADIVOSTOK/A813/2025|EPI_ISL_20372817|60dfb287f5	2025-11-22	1871.6199398781525
VLADIVOSTOK/A931/2025|EPI_ISL_20376598|f59a0e53be	2025-12-25	1206.027213635521
VLADIVOSTOK/A938/2025|EPI_ISL_20376600|7a85bb436a	2025-12-29	1308.83365128346
HONGKONG/RFL1163/2026|EPI_ISL_20506409|1341abaf4f	2026-05-28	897.5818780276286
FRANCE/IDFRELABIPP06118/2025|EPI_ISL_20357606.EPI_ISL_20212223|ef250222cf	2025-09-15	929.2364898265758
VLADIVOSTOK/A850/2025|EPI_ISL_20375036|fc69f5bd01	2025-11-27	2693.1414305743797
VLADIVOSTOK/A937/2025|EPI_ISL_20376640|dfe679a340	2025-12-29	3497.180041443874
VLADIVOSTOK/A842/2025|EPI_ISL_20372824|cab4fb889d	2025-12-03	1601.9972197082316
VLADIVOSTOK/A876/2025|EPI_ISL_20375057|c899d9ac10	2025-12-12	1440.4131564280665
VLADIVOSTOK/A841/2025|EPI_ISL_20372823|dcab09eba7	2025-11-25	1293.7565206957343
VLADIVOSTOK/A950/2026|EPI_ISL_20376602|8a8713d574	2026-01-13	1421.908437817192
CACERES/53019298/2025|EPI_ISL_20378503|9bdb0c594f	2012-12-12	4912.080585293268
AUSTRIA/1870030/2025|EPI_ISL_20290130|13de9c165b	2025-12-15	926.497123504843
AUSTRIA/1866174/2025|EPI_ISL_20284586|6f5d3aa963	2025-11-28	943.4971235048434
AUSTRIA/1870817/2025|EPI_ISL_20306369|efb58ca9a8	2025-12-16	925.4971235048431
AUSTRIA/1866946/2025|EPI_ISL_20284634|efb58ca9a8	2025-12-02	939.4971235048407
AUSTRIA/1870420/2025|EPI_ISL_20305535|efb58ca9a8	2025-12-16	925.4971235048431
AUSTRIA/1876466/2026|EPI_ISL_20385822|2e5856f339	2026-01-16	894.4971235048416
AUSTRIA/1877262/2026|EPI_ISL_20386071|ff868aea0a	2026-01-20	945.6524593840974
AUSTRIA/1872766/2025|EPI_ISL_20373022|b0d18acfd9	2025-12-30	966.6524593840971
AUSTRIA/1872571/2025|EPI_ISL_20372968|8b3aa8ef62	2025-12-29	967.6524593840969
AUSTRIA/1870041/2025|EPI_ISL_20305513|86c22739fb	2025-12-15	1024.652274207187
AUSTRIA/1870404/2025|EPI_ISL_20305533|7aeaab47e7	2025-12-16	1044.4237847498969
AUSTRIA/1872541/2025|EPI_ISL_20372963|9a9868014e	2025-12-29	1024.501032504328
AUSTRIA/1870831/2025|EPI_ISL_20306370|64bb533fbf	2025-12-17	1034.7449285447744
AUSTRIA/1868516/2025|EPI_ISL_20290118|1f5069df8d	2025-12-03	1048.744928544772
AUSTRIA/1866550/2025|EPI_ISL_20284627|bbc7e06b6e	2025-12-01	1050.7449285447715
AUSTRIA/1872773/2025|EPI_ISL_20373023|cc71348457	2025-12-29	1022.744928544773
AUSTRIA/1872185/2025|EPI_ISL_20372960|cb3fc4237e	2025-12-22	993.3452695950589
AUTSRIA/1876479/2026|EPI_ISL_20385847|f329869932	2026-01-17	1058.847036452356
AUSTRIA/1876083/2026|EPI_ISL_20385819|6e1035b731	2026-01-14	1061.8470364523555
AUSTRIA/1872782/2025|EPI_ISL_20373024|da3a537e37	2025-12-25	1081.8470364523555
AUSTRIA/1873937/2026|EPI_ISL_20385803|210cc8bda9	2026-01-08	912.2646413618709
AUSTRIA/1876459/2026|EPI_ISL_20385821|31ed1863f6	2026-01-13	907.606312924774
AUSTRIA/1870438/2025|EPI_ISL_20306360|6c8dfafb5b	2025-12-16	1424.1616054557412
AUSTRIA/1872164/2025|EPI_ISL_20372958|3724cbbeb5	2025-12-20	1032.6442425053085
AUSTRIA/1874711/2026|EPI_ISL_20385811|c8a24459a2	2026-01-12	897.7485914401818
AUSTRIA/1873196/2026|EPI_ISL_20384167|6f87f940a1	2026-01-05	905.814541185545
AUSTRIA/1873973/2026|EPI_ISL_20385808|f8780d564f	2026-01-07	902.2116459277667
ODISHA/1640/2022|EPI_ISL_20249757|0d065b2579	2022-12-18	919.8943077102239
HUMAN/NEWYORKCITY/PV42530/2021|EPI_ISL_16836610.EPI_ISL_20284799.EPI_ISL_20284742|22d9df1949	2021-11-30	967.1364527080123
GALICIA/52547799/2020|EPI_ISL_20168331|4071c00b40	2020-06-06	1508.8788934558286
SAUDIARABIA/65/2022|EPI_ISL_20205293|ea1ff5a46e	2022-02-19	1039.1061885169863
PHILIPPINES/ILI241690/2020|EPI_ISL_19414541|5734a6a2a2	2020-09-26	1397.5399220098807
ASTURIAS/232461330/2024|EPI_ISL_19855166|ff5ba16179	2024-08-03	1365.6862853460218
MALAYSIA/2304042/2023|EPI_ISL_20485044|57f2ef507d	2023-04-01	1022.4337176763775
PAISVASCO/67964750/2025|EPI_ISL_19899288|ef197bcb67	2025-02-20	-941.0140135169917
LOUISIANA/07/2016|EPI_ISL_219231.EPI_ISL_20284787|84d652966a	2016-02-24	2981.8920284058527
H3A/SAUDIARABIA/KFMC38/2019|EPI_ISL_16079339|14b9971b87	2019-11-05	934.5096609491903
MICHIGAN/UM10061291423/2024|EPI_ISL_19699388|dcee613a01	2024-12-13	-1031.1802301013538
MICHIGAN/UM10061298306/2024|EPI_ISL_19699390|50a933b15b	2024-12-14	-1031.7084372637455
MICHIGAN/UM10061301360/2024|EPI_ISL_19699392|50a933b15b	2024-12-14	-1031.7084372637455
SIENA/54/2024|EPI_ISL_19210404|680b917fb1	2024-01-31	-1158.4692547896943
SIENA/8/2024|EPI_ISL_19210419|3bf53e48b3	2024-01-15	-1142.4692547896937
SIENA/28/2024|EPI_ISL_19210420|3bf53e48b3	2024-01-26	-1153.4692547896952
NETHERLANDS/00994/2026|EPI_ISL_20420081|2daccc893e	2026-03-24	-2055.549765987002
AUSTRALIA/UNVIDRL42656/2023|EPI_ISL_18751691|99c7638a90	2023-01-01	-1025.9687834546996
AUSTRALIA/UNVIDRL08689/2023|EPI_ISL_18752197|797ddb4076	2023-01-01	-1025.9687834546996
AUSTRALIA/UNVIDRL1425954/2023|EPI_ISL_18752211|fa24ba401c	2023-01-01	-1025.9687834546996
AUSTRALIA/UNVIDRL134621/2023|EPI_ISL_18752228|512b5c7724	2023-01-01	-1025.9687834546996
AUSTRALIA/UNVIDRL126384046/2023|EPI_ISL_18752217|cc7e157f1e	2023-01-01	-1025.9687834546996
AUSTRALIA/UNVIDRL1209/2023|EPI_ISL_18751341|a537afe8be	2023-01-01	-1025.9687834546996
ONTARIO/RV2002/2019|EPI_ISL_362002|6dd928061d	2019-04-01	1109.1341952354228
EGYPT/N220340C/2022|EPI_ISL_17497669|76393d5c6f	2022-05-10	-900.9163634508976
EGYPT/N220334C/2022|EPI_ISL_17508883|beea305a22	2022-05-10	-1049.5843486326485
EGYPT/N220339C/2022|EPI_ISL_17508876|4f0f0ac524	2022-05-10	-975.4020714622212
HUNANYUANJIANG/31/2022|EPI_ISL_14456484|d9427e5ddc	2022-06-20	-1127.6611500779456
SICHUANJIANGYANG/11127/2022|EPI_ISL_14818886|76f4b18b90	2022-06-27	-1171.8894159586669
SICHUANHEJIANG/310/2022|EPI_ISL_14818885|76f4b18b90	2022-06-23	-1167.8894159586675
SICHUANJIANGYANG/11085/2022|EPI_ISL_14818887|76f4b18b90	2022-06-26	-1170.889415958667
HUNANFENGHUANG/33/2022|EPI_ISL_14456491|b0965cc1c7	2022-06-14	-1158.8689575537448
ZHEJIANGYONGKANG/1567/2022|EPI_ISL_14456612|3f994812a6	2022-05-16	-1091.5563456593982
ZHEJIANGYONGKANG/1576/2022|EPI_ISL_14456620|f6eac4e3b5	2022-05-21	-1096.5563456594007
SAUDIARABIA/90/2022|EPI_ISL_20205297|43be3c12f1	2022-11-24	-909.6136019512827
CATALONIA/NSVH100184910/2015|EPI_ISL_285613|be21e37546	2015-03-16	1117.2110037638663
SAUDIARABIA/44/2022|EPI_ISL_20205289|9f3428487e	2022-01-30	-982.1790151326641
INDIA/1732610/2017|EPI_ISL_365312|b0ab461f8c	2017-09-06	921.7961452555675
QUEBEC/047/2017|EPI_ISL_311021|6897704f50	2017-02-01	924.2281872923085
GYEONGGI/1304/2016|EPI_ISL_302501|c848c72228	2016-10-24	964.2521666139638
CATALONIA/NSVH100539813/2016|EPI_ISL_309332|039185c2c2	2016-12-24	1154.1683214264253
THAILAND/CUV39/2015|EPI_ISL_19162684|71cb2518d8	2015-05-01	997.1099101592308
SHANGHAI/YP1386C2/2022|EPI_ISL_19460489|4f08ba849e	2022-07-06	-960.5312761099425
BILIRANTB5/0605/2016|EPI_ISL_19472259|45eb658cb9	2016-08-16	959.8811782697273
ITALY/AGE192016/2016|EPI_ISL_381509|8624b851c9	2016-12-01	1038.483886396076
HEILONGJIANGJIGUAN/1222/2020|EPI_ISL_485412|6979005682	2020-03-16	-1081.7846694589932
THAILAND/CUV44/2015|EPI_ISL_19162675|2213690580	2015-12-01	1277.6209826318586
JIANGSUJINTAN/3109/2019|EPI_ISL_410681|d8eee7149f	2019-12-02	-976.1264550610792
XIAMEN/S108/2015|EPI_ISL_245501|38b4dd5cf7	2015-08-24	1506.1419752085471
XIAMEN/S87/2015|EPI_ISL_245500|14536a01f4	2015-07-13	1902.7918836739495
CORSICA/407615/2015|EPI_ISL_205025|a68427c76d	2015-02-18	1117.8594127285426
XIAMEN/S5/2015|EPI_ISL_245497|928746c955	2015-06-09	1548.2392084512041
XIAMEN/S54/2015|EPI_ISL_245495|e5470203ef	2015-05-17	1141.4203138509645
XIAMEN/S80/2015|EPI_ISL_245494|dd03711b16	2015-07-14	931.6391013079445
NICARAGUA/1160510AV1/2019|EPI_ISL_19764825|3f329ff884	2019-10-01	-1507.5745867972446
NEIMENGGUKEERQIN/1194/2020|EPI_ISL_522426|dafcf66927	2020-02-03	-1038.7356245773622
ROMANIA/257270/2020|EPI_ISL_515506|c43ec6c868	2020-01-29	-996.5844975590513
ROMANIA/259348/2020|EPI_ISL_516793|c43ec6c868	2020-03-03	-1030.5844975590524
KAZAKHSTAN/NCE359/2025|EPI_ISL_20313440|cafecb57e3	2025-11-12	-3370.7215191537875
KAZAKHSTAN/NCE407/2025|EPI_ISL_20308721|cafecb57e3	2025-11-16	-3374.721519153787
KILIFI/MAT220589/2021|EPI_ISL_20257258|c8047f4c29	2021-12-06	-1970.749218625537
WASHINGTON/55/2020|EPI_ISL_2521309|29af5b843f	2020-01-22	-913.594765452008
COLOMBIA/7231/2019|EPI_ISL_409065|14e4bc7656	2019-12-05	-902.7683588174864
BOLIVIA/1978/2019|EPI_ISL_421123|5aa443db03	2019-10-21	-895.0529981490813
CHILE/1699/2019|EPI_ISL_404631|c63e6d249c	2019-11-27	-931.8933936985404
CHILE/3981/2019|EPI_ISL_404535|0340ced82c	2019-10-26	-899.8933936985392
CHILE/2482/2019|EPI_ISL_402525|219552b6f1	2019-11-29	-896.9643405703948
UTAH/32/2019|EPI_ISL_356274|ea940753fb	2019-04-18	-894.352578842659
BREST/1984/2019|EPI_ISL_362075|9654a48f4c	2019-04-17	-893.3525788426591
ENGLAND/191880526/2019|EPI_ISL_514035|9654a48f4c	2019-04-25	-901.3525788426577
IQUIQUE/89168/2019|EPI_ISL_403674|3a892539df	2019-09-22	-902.7063341067841
AUSTRIA/1228043/2020|EPI_ISL_486630|8b3245690e	2020-02-27	-1117.2593239250577
AUSTRIA/1229410/2020|EPI_ISL_486636|8b3245690e	2020-03-02	-1121.259323925057
AUSTRIA/1230986/2020|EPI_ISL_486640|f014e67d69	2020-03-03	-955.0420226770577
AUSTRIA/1215040/2020|EPI_ISL_486554|a71899622d	2020-01-16	-1075.2593239250548
PAKISTAN/2527/2019|EPI_ISL_416809|8d6f91b28a	2019-12-14	-948.7523914054457
ENGLAND/833/2019|EPI_ISL_459825|eda5ce5615	2019-12-18	-1064.174418624509
VICTORIA/2867/2019|EPI_ISL_410157|66d4d7275c	2019-12-19	-954.1364894171247
NETHERLANDS/01672/2019|EPI_ISL_416275.EPI_ISL_401965|d23ace1608	2019-12-04	-1012.8859512555555
NORWAY/0095/2020|EPI_ISL_19741962|5958d30c7b	2020-01-13	-904.465073948094
ICELAND/26/2020|EPI_ISL_485759.EPI_ISL_477538|2aca6a50e6	2020-03-13	-964.4650739480938
NORWAY/47/2020|EPI_ISL_410016|75eb2e784b	2020-01-03	-894.4650739480957
STOCKHOLM/16/2020|EPI_ISL_485777.EPI_ISL_477611.EPI_ISL_413668|dc120333aa	2020-02-04	-926.4650739480936
NORWAY/95/2020|EPI_ISL_410019|dc120333aa	2020-01-13	-904.465073948094
ESKILSTUNA/14/2020|EPI_ISL_420883|dc120333aa	2020-02-13	-935.4650739480954
ITALY/11879/2020|EPI_ISL_435202|c36c25917e	2020-02-06	-928.5946968140058
NORWAY/0047/2020|EPI_ISL_19741927|363240c764	2020-01-03	-931.537386469442
NORWAY/0048/2020|EPI_ISL_19741928|ca034d478d	2020-01-02	-930.5373864694421
NORWAY/1900/2020|EPI_ISL_500734|d704705782	2020-03-12	-1000.5373864694403
BULGARIA/738/2020|EPI_ISL_434401|6a4d34a0ed	2020-01-29	-920.502415501754
BULGARIA/1051/2020|EPI_ISL_527198.EPI_ISL_527199.EPI_ISL_609911|38433be10c	2020-02-21	-943.5024155017534
MACEDONIA/160/2020|EPI_ISL_410005|38433be10c	2020-01-20	-911.5024155017554
MACEDONIA/185/2020|EPI_ISL_410006|38433be10c	2020-01-23	-914.502415501755
MACEDONIA/364/2020|EPI_ISL_512113|cc873be682	2020-02-02	-924.5024155017533
MACEDONIA/144/2020|EPI_ISL_410003|38433be10c	2020-01-17	-908.5024155017526
LYON/0053/2020|EPI_ISL_410427|f7fc24247d	2020-01-06	-897.5024155017545
MACEDONIA/509/2020|EPI_ISL_498373.EPI_ISL_477585|c48e1c72b1	2020-02-17	-902.4299440824764
MACEDONIA/648/2020|EPI_ISL_498376|5b0492fef6	2020-02-27	-912.4619552560945
MACEDONIA/378/2020|EPI_ISL_512108|cc873be682	2020-02-02	-924.5024155017533
MACEDONIA/466/2020|EPI_ISL_477583|dd2a4cef2d	2020-02-10	-932.5341341557626
NORWAY/3105/2020|EPI_ISL_19741924|ab517c9fa6	2019-12-31	-928.5373864694425
MAURITIUS/I34/2020|EPI_ISL_416267.EPI_ISL_411133|d704705782	2020-01-05	-933.5373864694417
ENGLAND/856/2019|EPI_ISL_470913|d704705782	2019-12-20	-917.537386469441
BELGIUM/G0506/2019|EPI_ISL_426196|d704705782	2019-11-28	-895.5373864694413
DENMARK/291/2020|EPI_ISL_407962|da2e6b2123	2020-01-16	-944.5373864694398
POLAND/222/2020|EPI_ISL_498387|d704705782	2020-02-17	-976.5373864694411
BULGARIA/064/2020|EPI_ISL_409369|da2e6b2123	2020-01-10	-938.5373864694408
MINNESOTA/04/2020|EPI_ISL_413251.EPI_ISL_413289|da2e6b2123	2020-01-24	-952.5373864694418
HESSEN/25/2020|EPI_ISL_481443|cfe7865aa0	2020-02-24	-983.559469987432
NETHERLANDS/00293/2020|EPI_ISL_413971|f778c3411d	2020-02-10	-932.5902476098856
NETHERLANDS/00295/2020|EPI_ISL_413972|f778c3411d	2020-02-08	-930.590247609886
MELILLA/1088/2020|EPI_ISL_529044.EPI_ISL_527233|b08265e06b	2020-02-24	-946.5902476098832
BELGIUM/S0686/2020|EPI_ISL_477466|b08265e06b	2020-01-20	-911.5902476098859
BELGIUM/G0082/2020|EPI_ISL_477407|b08265e06b	2020-01-20	-911.5902476098859
NETHERLANDS/10099/2020|EPI_ISL_411942|51a25b7147	2020-02-07	-929.5902476098862
NETHERLANDS/00062/2020|EPI_ISL_408386|357b3cab21	2020-01-14	-905.4072812112939
FRIULIVENEZIAGIULIA/229/2020|EPI_ISL_486710.EPI_ISL_486711|b719c65e14	2020-02-10	-1006.570779265677
ROMANIA/4/2019|EPI_ISL_403941|c42244f956	2019-12-18	-915.5558152853764
ENGLAND/802/2019|EPI_ISL_428644|f1278def26	2019-12-13	-910.5558152853772
ENGLAND/877/2019|EPI_ISL_487015|f1278def26	2019-12-21	-918.5558152853758
ENGLAND/200120950/2019|EPI_ISL_487025|f1278def26	2019-12-24	-921.5558152853753
ENGLAND/823/2019|EPI_ISL_428662|f1278def26	2019-12-17	-914.5558152853765
ENGLAND/702/2019|EPI_ISL_428576|f1278def26	2019-12-11	-908.5558152853775
ENGLAND/806/2019|EPI_ISL_428648|f1278def26	2019-12-12	-909.5558152853774
ENGLAND/200120951/2019|EPI_ISL_487026|f1278def26	2019-12-25	-922.5558152853752
ENGLAND/575/2019|EPI_ISL_428529|f1278def26	2019-12-05	-902.5558152853752
BEAUMARIS/9667/2019|EPI_ISL_401789|75144de64c	2019-12-12	-909.5558152853774
ENGLAND/194880442/2019|EPI_ISL_405266|f1278def26	2019-11-25	-892.5558152853769
ENGLAND/510/2019|EPI_ISL_408077|f1278def26	2019-11-26	-893.5558152853768
ENGLAND/627/2019|EPI_ISL_408361|f1278def26	2019-12-04	-901.5558152853754
ENGLAND/644/2019|EPI_ISL_408375|f1278def26	2019-12-05	-902.5558152853752
ENGLAND/665/2019|EPI_ISL_408384|f1278def26	2019-12-06	-903.555815285375
ENGLAND/608/2019|EPI_ISL_408347|f1278def26	2019-11-30	-897.5558152853761
ENGLAND/560/2019|EPI_ISL_408304|f1278def26	2019-11-28	-895.5558152853764
NORWAY/108/2020|EPI_ISL_410014|f1278def26	2020-01-06	-934.5558152853765
VALENCIA/10074520200102|EPI_ISL_406901|f1278def26	2020-01-02	-930.5558152853772
SWITZERLAND/6529/2020|EPI_ISL_486767|0d6768576a	2020-02-21	-943.5313786840935
RHEINLANDPFALZ/28/2020|EPI_ISL_481463|0a32eaef99	2020-03-04	-955.5418516528975
ENGLAND/200380303/2020|EPI_ISL_480520|da8b23480e	2020-01-08	-899.4194009647318
THESSALONIKI/17/2020|EPI_ISL_477120|3f2bef74b5	2020-01-02	-893.485145937773
NORWAY/0108/2020|EPI_ISL_19741930|e14c68669d	2020-01-06	-897.4851459377724
GREECE/17/2020|EPI_ISL_407479|9fb847ba45	2020-01-02	-893.485145937773
GREECE/60/2020|EPI_ISL_409982.EPI_ISL_407481|9fb847ba45	2020-01-13	-904.4851459377711
ROMANIA/258556/2020|EPI_ISL_515976|9a83843c2d	2020-02-18	-940.5057343534802
ROMANIA/758/2020|EPI_ISL_470881|2e738d4db2	2020-02-07	-929.505734353482
/ROMANIA/257249/2020|EPI_ISL_468327|320dea13b2	2020-02-02	-924.5057343534795
ROMANIA/1234/2020|EPI_ISL_445204|3184046030	2020-03-02	-953.5057343534813
BUCURESTI/256299/2020|EPI_ISL_409953|e7323eec76	2020-01-13	-904.5057343534795
ROMANIA/484/2020|EPI_ISL_413472|98c9b4a900	2020-01-28	-919.5057343534803
ROMANIA/1230/2020|EPI_ISL_445203|98c9b4a900	2020-03-02	-953.5057343534813
ROMANIA/839/2020|EPI_ISL_445198|f4771c3092	2020-02-11	-896.4711064641169
NETHERLANDS/00354/2020|EPI_ISL_415731|7d90ca751d	2020-02-19	-904.4424213640127
NETHERLANDS/00329/2020|EPI_ISL_415721|7d90ca751d	2020-02-14	-899.4424213640136
NETHERLANDS/00204/2020|EPI_ISL_412440|daa6264a04	2020-01-28	-919.5095479596733
NETHERLANDS/00351/2020|EPI_ISL_415729|fe3fe660b2	2020-02-16	-938.5095479596735
NETHERLANDS/10141/2020|EPI_ISL_413535|8f17da0bef	2020-02-19	-904.5056961570012
NETHERLANDS/10216/2020|EPI_ISL_413547|8f17da0bef	2020-02-26	-911.5056961570035
NETHERLANDS/10208/2020|EPI_ISL_413540|7feabb7bf5	2020-02-24	-909.4848368932475
NETHERLANDS/00119/2020|EPI_ISL_410396|93a245bc57	2020-01-08	-899.496016160709
NETHERLANDS/00151/2020|EPI_ISL_410085|841448864a	2020-01-20	-948.5348801804529
NETHERLANDS/10049/2020|EPI_ISL_408492|48fa16c8ef	2020-01-27	-955.5348801804518
NETHERLANDS/02490/2019|EPI_ISL_406884|05f981db09	2019-12-29	-926.5348801804533
NETHERLANDS/10210/2020|EPI_ISL_413542|934920ee51	2020-02-25	-947.5163553875321
NETHERLANDS/10066/2020|EPI_ISL_408508|e8a8fde7ee	2020-01-30	-921.5163553875332
NETHERLANDS/10013/2020|EPI_ISL_404143|6b2f48640a	2020-01-10	-901.3913406298776
NETHERLANDS/00179/2020|EPI_ISL_412428|8d9840e1d7	2020-01-24	-989.5707792656765
QUEBEC/RV6566/2020|EPI_ISL_463177|7919d47a44	2020-01-28	-955.0419005425944
NOVISAD/5863/2020|EPI_ISL_534020|8e0aa23fe2	2020-01-27	-918.4018424734227
LYON/0108/2020|EPI_ISL_412067|bc8f8792de	2020-01-10	-901.2028163401304
BELGIUM/G0542/2019|EPI_ISL_426199.EPI_ISL_406326|8efe72ca67	2019-12-23	-920.4468494483548
BELGIUM/G0514/2019|EPI_ISL_426197.EPI_ISL_406268|8efe72ca67	2019-12-10	-907.4468494483569
DENMARK/298/2020|EPI_ISL_477519.EPI_ISL_407954|1683489dd1	2020-01-18	-946.44684944835706
BELGIUM/G0050/2020|EPI_ISL_477402|8efe72ca67	2020-01-13	-941.4468494483546
DENMARK/304/2020|EPI_ISL_407940|1683489dd1	2020-01-15	-943.4468494483542
DENMARK/274/2020|EPI_ISL_407964|1683489dd1	2020-01-16	-944.446849448354
DENMARK/277/2020|EPI_ISL_407947|1683489dd1	2020-01-17	-945.4468494483539
DENMARK/302/2020|EPI_ISL_407949|1683489dd1	2020-01-13	-941.4468494483546
DENMARK/290/2020|EPI_ISL_407943|1683489dd1	2020-01-15	-943.4468494483542
DENMARK/306/2020|EPI_ISL_407932|1683489dd1	2020-01-16	-944.446849448354
DENMARK/293/2020|EPI_ISL_407942|1683489dd1	2020-01-15	-943.4468494483542
BELGIUM/IS0249/2020|EPI_ISL_2462336|fc3a3211fc	2020-01-08	-899.3687406796485
BELGIUM/S0826/2020|EPI_ISL_477475.EPI_ISL_477476|fc3a3211fc	2020-02-12	-934.3687406796492
BELGIUM/S0030/2020|EPI_ISL_477440|fc3a3211fc	2020-01-09	-900.3687406796483
BELGIUM/H0017/2020|EPI_ISL_477438.EPI_ISL_477437|d1fd4102bc	2020-02-09	-894.2594766307867
BELGIUM/IS0030/2020|EPI_ISL_2460610|fc3a3211fc	2020-01-09	-900.3687406796483
BELGIUM/IS0077/2020|EPI_ISL_2460881|f0b7a0d729	2020-01-15	-906.3356569279323
BELGIUM/S0077/2020|EPI_ISL_477442|f0b7a0d729	2020-01-15	-906.3356569279323
DENMARK/UCPH304/2020|EPI_ISL_18746108|8efe72ca67	2020-01-01	-929.4468494483566
ENGLAND/195040642/2019|EPI_ISL_459740|17c9385d16	2019-12-09	-906.5419259583138
NORTHERNIRELAND/438/2020|EPI_ISL_407601|4c9a721e2d	2020-01-04	-895.3900044503425
AUSTRIA/1213000/2020|EPI_ISL_486545|808690a24d	2020-01-10	-901.4693100784726
AUSTRIA/1210485/2019|EPI_ISL_407828|6c99b4996c	2019-12-24	-921.5146926235657
AUSTRIA/1212990/2020|EPI_ISL_407853|808690a24d	2020-01-10	-938.5146926235662
ENGLAND/195060724/2019|EPI_ISL_428559|7a7644a398	2019-12-09	-906.5146926235683
ENGLAND/195160659/2019|EPI_ISL_428651|7a7644a398	2019-12-12	-909.5146926235678
ENGLAND/200840502/2020|EPI_ISL_487082|7a7644a398	2020-02-10	-969.5146926235677
ENGLAND/200840504/2020|EPI_ISL_487084|7a7644a398	2020-02-19	-978.5146926235661
ENGLAND/200840503/2020|EPI_ISL_487083|7a7644a398	2020-02-14	-973.514692623567
CYPRUS/F926/2020|EPI_ISL_486688|7a7644a398	2020-02-05	-964.5146926235651
CYPRUS/11/2020|EPI_ISL_409963|7a7644a398	2020-01-02	-930.5146926235676
CYPRUS/80/2020|EPI_ISL_409971|c19029548c	2020-01-08	-899.5412124378689
CYPRUS/F1123/2020|EPI_ISL_500720|c19029548c	2020-02-17	-939.5412124378689
ATHENSGR/79/2020|EPI_ISL_409941|08ab3423bb	2020-01-14	-905.4788802059911
CYPRUS/F1305/2020|EPI_ISL_500726|9e7dd2017a	2020-03-03	-954.4788802059929
CYPRUS/F1068/2020|EPI_ISL_434410|f6a19cd01e	2020-02-14	-899.4235411181292
THESSALONIKI/91/2020|EPI_ISL_477122|282b4ca648	2020-01-16	-907.4788802059908
CYPRUS/164/2020|EPI_ISL_409966|9e7dd2017a	2020-01-12	-903.4788802059915
CYPRUS/F1218/2020|EPI_ISL_500724.EPI_ISL_486682|ae7aa7e4d7	2020-02-25	-910.4441223120501
CYPRUS/F1267/2020|EPI_ISL_500725.EPI_ISL_486683|ff42e5e4a3	2020-02-27	-949.4323838334177
CYPRUS/F720/2020|EPI_ISL_434415|43ccf5a372	2020-01-29	-920.5302844344275
CYPRUS/F1108/2020|EPI_ISL_486676|29693c3739	2020-02-16	-938.5300208019695
BEIRUT/AUB1420N/2020|EPI_ISL_671406|f7fd5a5821	2020-02-13	-972.5146926235672
PALESTINE/13H/2019|EPI_ISL_410023|b1c861e33d	2019-12-16	-913.5085280216285
NETHERLANDS/10341/2020|EPI_ISL_421647|d6748b0abf	2020-03-11	-999.5085280216274
RHEINLANDPFALZ/26/2020|EPI_ISL_477600.EPI_ISL_434426|92df249c4c	2020-03-02	-953.5302880515285
AUSTRIA/1214614/2020|EPI_ISL_486551|0a34c2e764	2020-01-16	-907.4416650522219
ICELAND/18/2020|EPI_ISL_485756.EPI_ISL_477534|88b188eba2	2020-02-29	-951.4416650522246
NORWAY/749/2020|EPI_ISL_500748.EPI_ISL_477595|88b188eba2	2020-02-03	-925.4416650522222
NORWAY/0749/2020|EPI_ISL_19741907|19334d7495	2020-02-03	-925.4416650522222
AUSTRIA/1215899/2020|EPI_ISL_486570|3ba6dc6933	2020-01-20	-911.4416650522246
AUSTRIA/1215053/2020|EPI_ISL_486556|3a4de0fb9e	2020-01-17	-908.4416650522218
NORWAY/2176/2020|EPI_ISL_500739|88b188eba2	2020-03-18	-969.441665052225
BELGIUM/G0078/2020|EPI_ISL_477404|c16bdf55c2	2020-01-20	-948.4990770660071
CASTELLON/02147020200211|EPI_ISL_412897|e8e9e35e04	2020-02-11	-933.4426906825029
ENGLAND/559/2019|EPI_ISL_408303|c16bdf55c2	2019-11-29	-896.4990770660058
ENGLAND/549/2019|EPI_ISL_408293|c16bdf55c2	2019-11-29	-896.4990770660058
LYON/0875/2020|EPI_ISL_534017|acabf03fe4	2020-02-03	-925.4910794114967
PICARDIE/642/2020|EPI_ISL_411998|180b96692e	2020-01-29	-920.4451355800934
AVIGNON/1286/2020|EPI_ISL_498290.EPI_ISL_498289|180b96692e	2020-02-17	-939.4451355800936
ENGLAND/195100163/2019|EPI_ISL_428584|896221dd44	2019-12-12	-909.4407859576423
ENGLAND/799/2019|EPI_ISL_459801|07ec26f53a	2019-12-16	-913.4407859576417
ENGLAND/577/2019|EPI_ISL_428501|5a54091808	2019-11-26	-893.4407859576417
ENGLAND/616/2019|EPI_ISL_428539|5a54091808	2019-12-06	-903.44078595764
ENGLAND/195200693/2019|EPI_ISL_459831|5a54091808	2019-12-18	-915.4407859576413
ENGLAND/566/2019|EPI_ISL_428524|5a54091808	2019-12-02	-899.4407859576406
WREXHAM/8948/2019|EPI_ISL_400540|ed6b06c442	2019-12-05	-902.4407859576402
ENGLAND/505/2019|EPI_ISL_408072|5a54091808	2019-11-26	-893.4407859576417
ENGLAND/467/2019|EPI_ISL_408059|5a54091808	2019-11-25	-892.4407859576419
ENGLAND/596/2019|EPI_ISL_408338|5a54091808	2019-12-01	-898.4407859576409
ENGLAND/632/2019|EPI_ISL_408366|5a54091808	2019-12-03	-900.4407859576405
ENGLAND/563/2019|EPI_ISL_408309|5a54091808	2019-11-25	-892.4407859576419
ENGLAND/67/2020|EPI_ISL_480496|29349dacde	2020-01-06	-897.3611604150828
LUXEMBOURG/LNS1245335/2020|EPI_ISL_487240|e46f408a84	2020-03-10	-923.8948366948275
THURINGEN/3/2020|EPI_ISL_410038|c6253fdb06	2020-01-06	-934.5198749383611
ENGLAND/529/2019|EPI_ISL_408117|5183688892	2019-12-02	-899.5198749383603
THUERINGEN/3/2020|EPI_ISL_407197|ebe391a385	2020-01-06	-934.5198749383611
BERLIN/17/2020|EPI_ISL_410979|ebe391a385	2020-01-28	-956.5198749383608
BERLIN/18/2020|EPI_ISL_410980|ebe391a385	2020-01-28	-956.5198749383608
BERLIN/16/2020|EPI_ISL_410978|ebe391a385	2020-01-28	-956.5198749383608
SACHSEN/72/2020|EPI_ISL_645157|02f3eb7544	2020-03-19	-1007.5198749383622
ENGLAND/72/2020|EPI_ISL_480504|5183688892	2020-01-09	-937.5198749383605
ENGLAND/103/2020|EPI_ISL_477526|dd23b6a950	2020-02-05	-927.5189808484188
BULGARIA/1575/2019|EPI_ISL_426203.EPI_ISL_407466|8b9a413801	2019-12-23	-920.5222476118765
ENGLAND/916/2019|EPI_ISL_470933|8b9a413801	2019-12-24	-921.5222476118763
ENGLAND/200181130/2019|EPI_ISL_487028|8b9a413801	2019-12-24	-921.5222476118763
ENGLAND/503/2019|EPI_ISL_408070|8b9a413801	2019-11-25	-892.5222476118779
ENGLAND/504/2019|EPI_ISL_408071|8b9a413801	2019-11-25	-892.5222476118779
ENGLAND/53/2020|EPI_ISL_480489|af9485ffac	2020-01-07	-898.5082117491149
NETHERLANDS/00279/2020|EPI_ISL_413960|8c0dc87762	2020-02-01	-960.4906986884796
NETHERLANDS/10138/2020|EPI_ISL_413533|497c751174	2020-02-17	-939.4623365246895
NETHERLANDS/10021/2020|EPI_ISL_404142|e30264d588	2020-01-07	-898.3943488951218
HESSEN/46/2020|EPI_ISL_481477|550dbf5a81	2020-03-09	-960.3429988424974
GUYANE/050/2020|EPI_ISL_487471|22562946d3	2020-02-03	-925.3865158369798
STOCKHOLM/15/2020|EPI_ISL_413667|07e2f15d9f	2020-01-27	-918.4432721418439
ITALY/11545/2020|EPI_ISL_427899|9f9b97e8b1	2020-01-09	-900.4413580890413
BREMEN/7/2020|EPI_ISL_477502.EPI_ISL_434393|1433bb9f03	2020-03-02	-916.4659566535698
ENGLAND/200240790/2020|EPI_ISL_471026|9f9b97e8b1	2020-01-01	-892.4413580890426
BRISBANE/14/2020|EPI_ISL_493142|6335e237f8	2020-03-02	-916.4879029389941
DARWIN/85/2020|EPI_ISL_419612|f08c27118c	2020-03-02	-916.5055047486196
DARWIN/106/2020|EPI_ISL_429110.EPI_ISL_512707|95db97eb7e	2020-03-15	-929.5055047486173
VICTORIA/79/2020|EPI_ISL_429109|fa276bf788	2020-03-01	-915.4529810004685
HONGKONG/709/2020|EPI_ISL_732329|a2959b5ea0	2020-03-15	-929.4914456909393
ENGLAND/623/2019|EPI_ISL_408357|7547039620	2019-12-04	-901.5207994512081
ENGLAND/593/2019|EPI_ISL_408333|7547039620	2019-12-01	-898.5207994512085
LUXEMBOURG/LNS0088606/2020|EPI_ISL_406558|845a7e2663	2020-01-14	-905.4860307183801
LORRAINE/1027/2020|EPI_ISL_515489|d848c6e653	2020-02-10	-895.4574013174424
ENGLAND/99/2020|EPI_ISL_487057|99bee7010d	2020-01-29	-920.3899177516694
ENGLAND/101/2020|EPI_ISL_487064|8173ee9ac9	2020-02-01	-923.3900044503412
ALICANTE/19092420200218|EPI_ISL_414494|8804fdf5b0	2020-02-18	-903.231271847779
LUXEMBOURG/LNS8654682/2020|EPI_ISL_487233|cada0f47d0	2020-03-12	-963.3405178359689
LUXEMBOURG/LNS8837837/2020|EPI_ISL_487238|6015209d39	2020-02-25	-910.1984372787439
LUXEMBOURG/LNS8084307/2020|EPI_ISL_487236|6015209d39	2020-02-13	-898.1984372787459
LUXEMBOURG/LNS4363553/2020|EPI_ISL_487239|6015209d39	2020-02-18	-903.1984372787451
LUXEMBOURG/LNS6274702/2020|EPI_ISL_487232|cada0f47d0	2020-03-09	-960.3405178359694
LUXEMBOURG/LNS9440568/2020|EPI_ISL_487158|cada0f47d0	2020-02-07	-929.3405178359714
LUXEMBOURG/LNS9113515/2020|EPI_ISL_487154|cada0f47d0	2020-01-31	-922.3405178359691
NETHERLANDS/00037/2020|EPI_ISL_406869|e0ee0b40cc	2020-01-04	-932.4879973864211
BELGIUM/G0164/2020|EPI_ISL_477415|cc799be3cb	2020-01-27	-955.4879973864205
CATALONIA/NSVH101193564/2020|EPI_ISL_431006|68debd7de8	2020-02-16	-920.6283820603061
NETHERLANDS/00139/2020|EPI_ISL_410064|ae7a2eed3f	2020-01-22	-913.4848461901722
ENGLAND/81/2020|EPI_ISL_480545|9549562130	2020-01-21	-912.4192167843418
NETHERLANDS/00090/2020|EPI_ISL_408397|8762b04963	2020-01-04	-932.5152415538456
SWEDEN/90/2020|EPI_ISL_447877|4cb4c63813	2020-03-03	-991.538253195583
ENGLAND/200181116/2019|EPI_ISL_479604|4699a573c5	2019-12-30	-927.4969752467365
ENGLAND/194860490/2019|EPI_ISL_408084|0dc704e823	2019-11-24	-928.5707792656767
SERBIA/180/2020|EPI_ISL_410034|ba0916355d	2020-01-13	-978.5707792656749
STOCKHOLM/30/2020|EPI_ISL_485779.EPI_ISL_420886|eef29ed748	2020-02-17	-901.0379744158943
AUSTRIA/1211525/2020|EPI_ISL_407851|f4978687cf	2020-01-05	-915.0323710422454
QUEBEC/RV3597/2020|EPI_ISL_471536.EPI_ISL_450361|73c07781a3	2020-03-03	-917.4580080282246
NETHERLANDS/00287/2020|EPI_ISL_413967|247fa0227e	2020-02-07	-929.469606227589
NORDRHEINWESTFALEN/62/2020|EPI_ISL_481478|973aae99b9	2020-03-09	-922.9015610659301
LUBICA/314/2020|EPI_ISL_477581|c53ad4cfec	2020-02-17	-976.5099256173764
BRATISLAVA/319/2020|EPI_ISL_485732.EPI_ISL_462109|36b1b42958	2020-02-21	-980.5099256173758
LUBICA/315/2020|EPI_ISL_485766.EPI_ISL_462123|36b1b42958	2020-02-18	-977.5099256173762
AUSTRIA/1225782/2020|EPI_ISL_486621|c3b3338b77	2020-02-24	-925.0374406386818
NETHERLANDS/02482/2019|EPI_ISL_406882|28c7ac9683	2019-12-23	-920.5225509641647
NETHERLANDS/10209/2020|EPI_ISL_413541|f3b266feb1	2020-02-24	-983.5225509641641
NETHERLANDS/01729/2019|EPI_ISL_403753|7512ba4b4d	2019-12-20	-917.5225509641652
BAYERN/33/2020|EPI_ISL_481436|acda8fb3df	2020-02-10	-932.5228811284686
AUSTRIA/1225327/2020|EPI_ISL_486620|8a5222267d	2020-02-19	-904.3589409596744
ROMANIA/258641/2020|EPI_ISL_515977|67263bfdc1	2020-02-18	-903.3589409596747
AUSTRIA/1234757/2020|EPI_ISL_486644|33d2952be4	2020-03-16	-1004.5494809404166
NETHERLANDS/00286/2020|EPI_ISL_413966|7cd7a2cd68	2020-02-09	-931.5100354861496
ROMANIA/855/2020|EPI_ISL_445199|efef4c50f3	2020-02-11	-970.4576185538646
LUXEMBOURG/LNS1916881/2020|EPI_ISL_406556|b58faec4d2	2020-01-14	-905.4736365308249
CYPRUS/F1190/2020|EPI_ISL_500723.EPI_ISL_486681|b7ec042461	2020-02-23	-945.4736365308248
BELGIUM/IS0104/2020|EPI_ISL_2461131|ce46fd73c9	2020-01-14	-905.4736365308249
DENMARK/223/2020|EPI_ISL_407945|70db317f68	2020-01-13	-904.473636530825
BERLIN/48/2020|EPI_ISL_482816|211c25bd44	2020-02-03	-925.4736365308249
MICHIGAN/01/2020|EPI_ISL_2305887|70db317f68	2020-01-02	-893.473636530827
BEIRUT/AUB1173N/2020|EPI_ISL_671404|c199a17963	2020-01-06	-897.4736365308263
ENGLAND/83/2020|EPI_ISL_480548|ce46fd73c9	2020-01-22	-913.473636530827
BELGIUM/S0831/2020|EPI_ISL_485725.EPI_ISL_477477|ce46fd73c9	2020-02-11	-933.473636530827
CYPRUS/F485/2020|EPI_ISL_434413|ce46fd73c9	2020-01-22	-913.473636530827
ENGLAND/79/2020|EPI_ISL_480522|ce46fd73c9	2020-01-14	-905.4736365308249
BELGIUM/S1003/2020|EPI_ISL_485727.EPI_ISL_477484|ce46fd73c9	2020-02-19	-941.4736365308255
BELGIUM/S0228/2020|EPI_ISL_477448|ce46fd73c9	2020-01-21	-912.4736365308271
BELGIUM/G0048/2020|EPI_ISL_477401|ce46fd73c9	2020-01-07	-898.4736365308262
BELGIUM/S0104/2020|EPI_ISL_477443|ce46fd73c9	2020-01-14	-905.4736365308249
ENGLAND/69/2020|EPI_ISL_471031|ce46fd73c9	2020-01-01	-892.4736365308272
LORRAINE/1589/2020|EPI_ISL_498346|ce46fd73c9	2020-02-24	-946.4736365308247
CYPRUS/F968/2020|EPI_ISL_500728.EPI_ISL_486690|ce46fd73c9	2020-02-10	-932.4736365308271
SWEDEN/60/2020|EPI_ISL_426372|ce46fd73c9	2020-02-11	-933.473636530827
GERMANY/11513/2020|EPI_ISL_427867|ce46fd73c9	2020-01-20	-911.4736365308273
LEBANON/124/2020|EPI_ISL_421120|70db317f68	2020-01-26	-917.4736365308263
CATALONIA/NSVH101194476/2020|EPI_ISL_431007|fe0b0343d2	2020-02-17	-939.342975228743
AUSTRIA/1215474/2020|EPI_ISL_486564|7f014fd7c3	2020-01-18	-909.3429752287446
BERLIN/64/2020|EPI_ISL_645211|c384109d07	2020-03-23	-900.2755415865909
NEPAL/20FL0850/2020|EPI_ISL_593785|9d6e925b42	2020-03-15	-929.4771627578579
NORDRHEINWESTFALEN/80/2020|EPI_ISL_481446|f2f55bf491	2020-02-25	-910.4234255881447
ONTARIO/RV0890/2020|EPI_ISL_435917|4e6f1e25a6	2020-02-05	-927.4736365308246
BAYERN/56/2020|EPI_ISL_481480|211c25bd44	2020-03-13	-964.473636530825
SWEDEN/63/2020|EPI_ISL_426375|3b3b2f7371	2020-02-18	-903.4672387131301
SAIDA/392/2020|EPI_ISL_455562|352dab69bf	2020-02-25	-910.4687807694405
ZAHLE/356/2020|EPI_ISL_455565|352dab69bf	2020-02-23	-908.4687807694409
ONTARIO/RV3151/2020|EPI_ISL_450354|c0ae6731a0	2020-02-21	-905.0420191999318
CATALONIA/NSVH101189233/2020|EPI_ISL_431003|f5e83978a4	2020-02-09	-931.4736365308273
CATALONIA/NSVH101200888/2020|EPI_ISL_431009|6bf1b18744	2020-02-28	-895.5003822633482
ENGLAND/574/2019|EPI_ISL_428527|70be8b8257	2019-12-02	-899.4874629059188
ENGLAND/582/2019|EPI_ISL_428534|bc82be1eee	2019-12-04	-901.4874629059185
FRIULIVENEZIAGIULIAPN/238/2020|EPI_ISL_487345|9a6279c007	2020-02-08	-1004.5707792656773
NETHERLANDS/10101/2020|EPI_ISL_411943|ec56fbcab8	2020-02-11	-970.5075276676057
SASSARI/250/2020|EPI_ISL_487353|e74c9c7cd2	2020-03-02	-968.5897686253726
SACHSEN/38/2020|EPI_ISL_482834.EPI_ISL_477603.EPI_ISL_434428|922907c89e	2020-02-14	-973.5277116135966
BERLIN/69/2020|EPI_ISL_481434|5c509bbc00	2020-02-17	-976.5161118908813
RHEINLANDPFALZ/9/2020|EPI_ISL_410967|c8f1cc2721	2020-01-21	-949.4947831489218
ENGLAND/705/2019|EPI_ISL_459748|2a235bc55c	2019-11-29	-896.4987231550006
DENMARK/222/2020|EPI_ISL_407950|b43e75c687	2020-01-13	-904.501162354157
DENMARK/1090/2020|EPI_ISL_486691.EPI_ISL_477512|79b3898122	2020-02-13	-935.5011623541586
DENMARK/258/2020|EPI_ISL_407963|b43e75c687	2020-01-15	-906.5011623541567
DENMARK/281/2020|EPI_ISL_407953|b43e75c687	2020-01-17	-908.5011623541563
MACEDONIA/413/2020|EPI_ISL_512115|5b65812733	2020-02-05	-964.5361983241316
MACEDONIA/501/2020|EPI_ISL_498371.EPI_ISL_477626|fb4bf0496e	2020-02-17	-902.3027408192867
MACEDONIA/505/2020|EPI_ISL_498372.EPI_ISL_477584|dc4c061315	2020-02-17	-976.536198324133
SLOVENIA/1465/2020|EPI_ISL_485771.EPI_ISL_434434|28faf62c53	2020-02-19	-978.4696769096993
THUERINGEN/65/2020|EPI_ISL_481458|d81b160c9c	2020-03-02	-953.5259182870637
THUERINGEN/56/2020|EPI_ISL_482814|d81b160c9c	2020-02-03	-925.5259182870617
NORDRHEINWESTFALEN/21/2020|EPI_ISL_410977|34deabe5c7	2020-01-25	-953.5294884028084
BAYERN/6/2020|EPI_ISL_410076|34deabe5c7	2020-01-14	-942.5294884028069
NETHERLANDS/00130/2020|EPI_ISL_410391|9e084b1623	2020-01-19	-910.4743262735501
SWEDEN/80/2020|EPI_ISL_447867|b7d0d156c8	2020-02-25	-984.4443178769062
ENGLAND/681/2019|EPI_ISL_428572|c5f2d724e0	2019-12-11	-908.4880262797753
KALININGRAD/1/2019|EPI_ISL_407145|87d1683c22	2019-12-24	-921.4880262797731
BRATISLAVA/225/2020|EPI_ISL_485731.EPI_ISL_477501|d0469e1c11	2020-02-06	-965.5017747571706
SLOVENIA/1506/2020|EPI_ISL_485772.EPI_ISL_434435|d2cd4f3ce5	2020-02-21	-943.4214197148367
LUXEMBOURG/LNS8658337/2020|EPI_ISL_487243|898a212df1	2020-02-14	-936.1809856405283
AUSTRIA/1225785/2020|EPI_ISL_486624|2450e73a4c	2020-02-24	-964.4930455972968
PADOVA/01/2020|EPI_ISL_407883|10436d6da5	2020-01-04	-929.5125219245976
PADOVA/02/2020|EPI_ISL_407884|dbb559d615	2020-01-09	-934.5125219245967
BADENWUERTTEMBERG/94/2020|EPI_ISL_482835|a986e29f4e	2020-02-11	-933.4110189763138
BADENWUERTTEMBERG/111/2020|EPI_ISL_413445|eb575c8446	2020-01-27	-955.4937214035014
BADENWUERTTEMBERG/110/2020|EPI_ISL_413444|479ed26f78	2020-01-28	-956.4937214035011
BRANDENBURG/3/2020|EPI_ISL_407204|b3f073a352	2020-01-13	-941.4710022813721
HESSEN/44/2020|EPI_ISL_481461|955406299b	2020-02-25	-984.4710022813715
RHEINLANDPFALZ/19/2020|EPI_ISL_481438|bde63bc1df	2020-02-18	-977.4710022813728
PARMA/14/2020|EPI_ISL_487349|f82c7846e2	2020-02-03	-999.5707792656748
SLOVENIA/193/2020|EPI_ISL_407870|986fd309dc	2020-01-10	-975.5707792656755
WASHINGTON/S27449/2020|EPI_ISL_19596769|91b11cdfca	2020-01-07	-972.570779265676
ENGLAND/884/2019|EPI_ISL_470946|33cda64724	2019-12-23	-920.4976469660077
ENGLAND/200240787/2020|EPI_ISL_471024|a744ce6550	2020-01-01	-929.4879396059208
HUMAN/MOSCOW/31/2020|EPI_ISL_419384|b60e33411e	2020-02-05	-964.5206297143907
POLAND/1521/2020|EPI_ISL_410029|344be0ca62	2020-01-05	-933.4843282345848
FINLAND/181/2020|EPI_ISL_486700.EPI_ISL_485739.EPI_ISL_467018|a89cde7bdf	2020-02-01	-960.4722229247212
CWMBRAN/9410/2019|EPI_ISL_400600|5170b74ab5	2019-12-02	-899.479481776325
BELGIUM/S0751/2020|EPI_ISL_477473.EPI_ISL_477474|fb3543b8a0	2020-02-01	-960.5008358007487
NETHERLANDS/10089/2020|EPI_ISL_411939|3ca80d8584	2020-02-07	-966.5058808829723
LUXEMBOURG/LNS6259097/2020|EPI_ISL_406559|49b9b8e80f	2020-01-15	-906.5015271040438
LUXEMBOURG/LNS4312235/2020|EPI_ISL_406552|49b9b8e80f	2020-01-10	-901.5015271040447
BERLIN/46/2020|EPI_ISL_482815|8769af30b6	2020-02-02	-961.4476403395266
CATALONIA/3514651NS/2020|EPI_ISL_412059|4de2938508	2020-01-27	-955.5688089867432
SINGAPORE/KK0104/2020|EPI_ISL_481334|4de2938508	2020-01-06	-934.5688089867433
ROMANIA/255789/2019|EPI_ISL_405821|683880a113	2019-12-25	-922.5688089867419
ENGLAND/200660467/2020|EPI_ISL_487067|5b1c8784b4	2020-01-31	-922.53290628442
ENGLAND/102/2020|EPI_ISL_487069|5b1c8784b4	2020-01-31	-922.53290628442
CATALONIA/NSVH101171162/2020|EPI_ISL_411873|4de2938508	2020-01-13	-941.5688089867422
NIEDERSACHSEN/138/2020|EPI_ISL_645156|4d970a2b3c	2020-03-16	-930.4532915807458
ENGLAND/201041548/2020|EPI_ISL_9029123|c33b6dfff3	2020-03-02	-990.4881237863101
SLOVENIA/1708/2020|EPI_ISL_485773.EPI_ISL_434438|96d1eda6cc	2020-03-02	-990.5077732393913
ICELAND/29/2020|EPI_ISL_485760.EPI_ISL_477539|d3cf1f56a2	2020-03-16	-930.2322468945249
ICELAND/30/2020|EPI_ISL_485761.EPI_ISL_477540|68d2ee6bdb	2020-03-13	-927.2322468945254
AUSTRIA/1215862/2020|EPI_ISL_486565|bb9960ac61	2020-01-20	-930.6941941169752
NETHERLANDS/00136/2020|EPI_ISL_410061|589408c3f0	2020-01-22	-950.5173686493722
SACHSEN/16/2020|EPI_ISL_482812|3e95e43fe2	2020-02-03	-925.4959872611499
NETHERLANDS/00150/2020|EPI_ISL_410082|9ab7666919	2020-01-22	-987.5707792656768
NETHERLANDS/00282/2020|EPI_ISL_413963|9ab7666919	2020-01-30	-995.5707792656755
ENGLAND/194860492/2019|EPI_ISL_408085|ac850dd1c0	2019-11-23	-927.570779265677
NETHERLANDS/00080/2020|EPI_ISL_408395|8d9840e1d7	2020-01-03	-968.5707792656767
LITHUANIA/MB41882/2019|EPI_ISL_416255|9953d0f4e7	2019-12-18	-952.570779265676
NETHERLANDS/00067/2020|EPI_ISL_408390|8d9840e1d7	2020-01-09	-974.5707792656757
NETHERLANDS/00094/2020|EPI_ISL_410393|8d9840e1d7	2020-01-15	-980.5707792656746
NETHERLANDS/02496/2019|EPI_ISL_406888|8d9840e1d7	2019-12-24	-958.570779265675
ENGLAND/194780287/2019|EPI_ISL_405181|8d3b681704	2019-11-16	-920.5707792656747
NETHERLANDS/00056/2020|EPI_ISL_406879|8d9840e1d7	2020-01-09	-974.5707792656757
NETHERLANDS/00040/2020|EPI_ISL_406870|8d9840e1d7	2020-01-06	-971.5707792656762
NETHERLANDS/00184/2020|EPI_ISL_412438|8d9840e1d7	2020-01-23	-988.5707792656766
NETHERLANDS/00046/2020|EPI_ISL_406873|8d9840e1d7	2020-01-02	-967.5707792656768
NETHERLANDS/01692/2019|EPI_ISL_401972|1443f0c40d	2019-12-10	-944.5707792656774
ENGLAND/200420372/2020|EPI_ISL_480531|d89c8074c2	2020-01-04	-969.5707792656765
ENGLAND/332/2019|EPI_ISL_405099|7c1f474dc6	2019-10-31	-904.5707792656775
ENGLAND/423/2019|EPI_ISL_405186|7c1f474dc6	2019-11-16	-920.5707792656747
IRELAND/88070/2019|EPI_ISL_426208.EPI_ISL_406193|7c1f474dc6	2019-11-02	-906.5707792656772
ENGLAND/585/2019|EPI_ISL_428503|7c1f474dc6	2019-12-04	-938.570779265675
IRELAND/91781/2019|EPI_ISL_426213.EPI_ISL_403291|7c1f474dc6	2019-11-17	-921.5707792656746
ENGLAND/194620578/2019|EPI_ISL_405133|7c1f474dc6	2019-11-08	-912.570779265676
ENGLAND/194800296/2019|EPI_ISL_405213|7c1f474dc6	2019-11-13	-917.5707792656752
ENGLAND/195140657/2019|EPI_ISL_428513|7c1f474dc6	2019-12-16	-950.5707792656764
ENGLAND/462/2019|EPI_ISL_405224|7c1f474dc6	2019-11-19	-923.5707792656776
ENGLAND/381/2019|EPI_ISL_405143|7c1f474dc6	2019-11-11	-915.5707792656756
ENGLAND/455/2019|EPI_ISL_405207|7c1f474dc6	2019-11-20	-924.5707792656774
ENGLAND/200120949/2019|EPI_ISL_487024|7c1f474dc6	2019-12-25	-959.5707792656748
DNIPRO/414/2020|EPI_ISL_1625835|c5431d10bf	2020-03-04	-1029.5707792656765
ENGLAND/757/2019|EPI_ISL_428515|7c1f474dc6	2019-12-13	-947.5707792656768
NETHERLANDS/10029/2020|EPI_ISL_405719|8cad26217e	2020-01-15	-980.5707792656746
ROMANIA/256091/2020|EPI_ISL_405822|c5431d10bf	2020-01-07	-972.570779265676
BELGIUM/IS0589/2020|EPI_ISL_2484139|7c1f474dc6	2020-01-27	-992.5707792656759
ENGLAND/492/2019|EPI_ISL_405265|7c1f474dc6	2019-11-24	-928.5707792656767
BERLIN/65/2020|EPI_ISL_481474|1d5d31a573	2020-03-10	-1035.5707792656754
NETHERLANDS/10291/2019|EPI_ISL_404140|8cad26217e	2019-12-19	-953.5707792656758
ENGLAND/358/2019|EPI_ISL_405082|7c1f474dc6	2019-10-28	-901.5707792656746
ENGLAND/340/2019|EPI_ISL_405112|7c1f474dc6	2019-11-05	-909.5707792656766
NETHERLANDS/10005/2020|EPI_ISL_404137|8cad26217e	2020-01-07	-972.570779265676
ENGLAND/440/2019|EPI_ISL_405194|7c1f474dc6	2019-11-21	-925.5707792656773
BRANDENBURG/14/2020|EPI_ISL_481473|1d5d31a573	2020-03-09	-1034.5707792656756
ENGLAND/490/2019|EPI_ISL_405262|7c1f474dc6	2019-11-25	-929.5707792656766
ENGLAND/465/2019|EPI_ISL_405231|7c1f474dc6	2019-11-25	-929.5707792656766
ENGLAND/364/2019|EPI_ISL_405127|7c1f474dc6	2019-11-07	-911.5707792656763
ENGLAND/194520489/2019|EPI_ISL_405110|7c1f474dc6	2019-10-29	-902.5707792656743
ENGLAND/422/2019|EPI_ISL_405185|7c1f474dc6	2019-11-15	-919.5707792656749
ENGLAND/334/2019|EPI_ISL_405102|7c1f474dc6	2019-10-31	-904.5707792656775
ENGLAND/739/2019|EPI_ISL_428619|7c1f474dc6	2019-12-12	-946.5707792656771
ENGLAND/712/2019|EPI_ISL_428594|7c1f474dc6	2019-12-13	-947.5707792656768
ENGLAND/751/2019|EPI_ISL_428635|7c1f474dc6	2019-12-10	-944.5707792656774
ENGLAND/711/2019|EPI_ISL_428593|7c1f474dc6	2019-12-13	-947.5707792656768
ENGLAND/749/2019|EPI_ISL_428634|7c1f474dc6	2019-12-10	-944.5707792656774
BERLIN/49/2020|EPI_ISL_482828|1d5d31a573	2020-02-07	-1003.5707792656775
ENGLAND/361/2019|EPI_ISL_405121|7c1f474dc6	2019-11-04	-908.5707792656767
ENGLAND/425/2019|EPI_ISL_405188|7c1f474dc6	2019-11-14	-918.570779265675
ENGLAND/446/2019|EPI_ISL_405198|7c1f474dc6	2019-11-20	-924.5707792656774
PAYSDELOIRE/2718/2019|EPI_ISL_407513.EPI_ISL_401373|7c1f474dc6	2019-12-10	-944.5707792656774
ENGLAND/333/2019|EPI_ISL_405100|7c1f474dc6	2019-10-30	-903.5707792656776
ENGLAND/194760535/2019|EPI_ISL_405157|7c1f474dc6	2019-11-18	-922.5707792656743
ENGLAND/704/2019|EPI_ISL_428578|7c1f474dc6	2019-12-06	-940.5707792656747
ITALY/11138/2020|EPI_ISL_414750|7c1f474dc6	2020-01-01	-966.5707792656771
CATALONIA/0840914S/2019|EPI_ISL_406894|7c1f474dc6	2019-11-25	-929.5707792656766
NETHERLANDS/10061/2020|EPI_ISL_408503|8cad26217e	2020-01-28	-993.5707792656758
ENGLAND/194940525/2019|EPI_ISL_408306|7c1f474dc6	2019-11-26	-930.5707792656764
ENGLAND/194920610/2019|EPI_ISL_408289|7c1f474dc6	2019-12-01	-935.5707792656756
BRUNEI/29/2020|EPI_ISL_514675|7c1f474dc6	2020-01-22	-987.5707792656768
NETHERLANDS/10054/2020|EPI_ISL_408496|8cad26217e	2020-01-27	-992.5707792656759
ENGLAND/194920609/2019|EPI_ISL_408288|7c1f474dc6	2019-11-27	-931.5707792656763
BRUNEI/40/2020|EPI_ISL_514692|7c1f474dc6	2020-02-08	-1004.5707792656773
NETHERLANDS/10067/2020|EPI_ISL_408509|8cad26217e	2020-01-31	-996.5707792656752
ENGLAND/10772/2019|EPI_ISL_414057|7c1f474dc6	2019-12-24	-958.570779265675
NETHERLANDS/00075/2020|EPI_ISL_408393|ce8db35dd2	2020-01-10	-975.5707792656755
NETHERLANDS/10053/2020|EPI_ISL_408495|8cad26217e	2020-01-27	-992.5707792656759
ENGLAND/466/2019|EPI_ISL_408058|7c1f474dc6	2019-11-26	-930.5707792656764
PARIS/2950/2019|EPI_ISL_408452|7c1f474dc6	2019-12-27	-961.5707792656744
ENGLAND/507/2019|EPI_ISL_408075|7c1f474dc6	2019-11-26	-930.5707792656764
SERBIA/299/2020|EPI_ISL_493326|c5431d10bf	2020-01-15	-980.5707792656746
ENGLAND/365/2019|EPI_ISL_408021|7c1f474dc6	2019-11-07	-911.5707792656763
ENGLAND/527/2019|EPI_ISL_408115|7c1f474dc6	2019-11-28	-932.570779265676
BULGARIA/1052/2020|EPI_ISL_477506.EPI_ISL_434397|7c1f474dc6	2020-02-21	-1017.570779265675
ENGLAND/194920611/2019|EPI_ISL_408290|7c1f474dc6	2019-11-28	-932.570779265676
ENGLAND/509/2019|EPI_ISL_408076|7c1f474dc6	2019-11-25	-929.5707792656766
ENGLAND/393/2019|EPI_ISL_408040|7c1f474dc6	2019-11-18	-922.5707792656743
ENGLAND/558/2019|EPI_ISL_408302|7c1f474dc6	2019-11-28	-932.570779265676
ENGLAND/491/2019|EPI_ISL_408083|7c1f474dc6	2019-11-25	-929.5707792656766
ENGLAND/398/2019|EPI_ISL_408046|7c1f474dc6	2019-11-20	-924.5707792656774
SAINTPETERSBURG/RII551S/2019|EPI_ISL_402930|0d6357107d	2019-12-24	-958.570779265675
SWITZERLAND/4684/2020|EPI_ISL_486765|7c1f474dc6	2020-02-24	-1020.5707792656746
NETHERLANDS/10115/2020|EPI_ISL_411946|8cad26217e	2020-02-10	-1006.570779265677
QUEBEC/001/2020|EPI_ISL_411546|7c1f474dc6	2020-01-01	-966.5707792656771
NETHERLANDS/10103/2020|EPI_ISL_411948|8cad26217e	2020-02-11	-1007.5707792656768
STETIENNE/0137/2020|EPI_ISL_412080|a9388194ae	2020-01-15	-980.5707792656746
QUEBEC/188/2019|EPI_ISL_411542|7c1f474dc6	2019-12-16	-950.5707792656764
QUEBEC/202/2019|EPI_ISL_411545|7c1f474dc6	2019-12-27	-961.5707792656744
SACHSEN/4/2020|EPI_ISL_410078|c5431d10bf	2020-01-16	-981.5707792656744
QUEBEC/201/2019|EPI_ISL_411544|7c1f474dc6	2019-12-28	-962.5707792656743
CZECHREPUBLIC/38/2020|EPI_ISL_409973|7c1f474dc6	2020-01-07	-972.570779265676
SERBIA/230/2020|EPI_ISL_413242|c5431d10bf	2020-01-13	-978.5707792656749
POLAND/3278/2020|EPI_ISL_498389|7c1f474dc6	2020-02-26	-1022.5707792656776
SLOVENIA/350/2020|EPI_ISL_407874|8ec2bcd25a	2020-01-16	-981.5707792656744
BOSNIAANDHERZEGOVINA/318/2020|EPI_ISL_498295|7c1f474dc6	2020-02-18	-1014.5707792656756
NOVISAD/6084/2020|EPI_ISL_534030|a9388194ae	2020-02-03	-999.5707792656748
NOVISAD/5929/2020|EPI_ISL_534022|a9388194ae	2020-01-30	-995.5707792656755
BERLIN/8/2020|EPI_ISL_410083|c5431d10bf	2020-01-20	-985.5707792656772
NOVISAD/5932/2020|EPI_ISL_534023|a9388194ae	2020-01-29	-994.5707792656756
NOVISAD/6096/2020|EPI_ISL_534032|a9388194ae	2020-02-04	-1000.5707792656746
NOVISAD/6213/2020|EPI_ISL_534033|a9388194ae	2020-02-08	-1004.5707792656773
SERBIA/266/2020|EPI_ISL_410035|7c1f474dc6	2020-01-14	-979.5707792656748
NETHERLANDS/10279/2019|EPI_ISL_416282.EPI_ISL_402105|8cad26217e	2019-12-20	-954.5707792656757
BOSNIAANDHERZEGOVINA/360/2020|EPI_ISL_498296|7c1f474dc6	2020-02-25	-1021.5707792656743
NOVISAD/5945/2020|EPI_ISL_534025|a9388194ae	2020-01-30	-995.5707792656755
ENGLAND/331/2019|EPI_ISL_401549.EPI_ISL_399837|7c1f474dc6	2019-10-25	-898.570779265675
ENGLAND/194960708/2019|EPI_ISL_428531|7c1f474dc6	2019-12-03	-937.5707792656751
NETHERLANDS/10044/2020|EPI_ISL_407062|8cad26217e	2020-01-22	-987.5707792656768
ENGLAND/713/2019|EPI_ISL_428507|7c1f474dc6	2019-12-12	-946.5707792656771
WISCONSIN/35/2020|EPI_ISL_413284.EPI_ISL_413275|c5431d10bf	2020-02-03	-999.5707792656748
ENGLAND/195080690/2019|EPI_ISL_428582|7c1f474dc6	2019-12-07	-941.5707792656744
ENGLAND/584/2019|EPI_ISL_428502|7c1f474dc6	2019-12-04	-938.570779265675
NETHERLANDS/02461/2019|EPI_ISL_406853|ce8db35dd2	2019-12-24	-958.570779265675
ENGLAND/531/2019|EPI_ISL_428494.EPI_ISL_416207|7c1f474dc6	2019-11-25	-929.5707792656766
SPETERSBURG/RII337/2019|EPI_ISL_407519|7c1f474dc6	2019-12-21	-955.5707792656755
HESSEN/72/2019|EPI_ISL_409983.EPI_ISL_405008|c5431d10bf	2019-12-10	-944.5707792656774
ENGLAND/386/2019|EPI_ISL_408036|7c1f474dc6	2019-11-18	-922.5707792656743
ENGLAND/628/2019|EPI_ISL_408362|7c1f474dc6	2019-12-03	-937.5707792656751
ENGLAND/528/2019|EPI_ISL_408116|7c1f474dc6	2019-12-02	-936.5707792656754
ENGLAND/391/2019|EPI_ISL_408039|7c1f474dc6	2019-11-19	-923.5707792656776
CATALONIA/11960S/2019|EPI_ISL_416183|7c1f474dc6	2019-11-27	-931.5707792656763
ENGLAND/561/2019|EPI_ISL_408307|7c1f474dc6	2019-11-27	-931.5707792656763
ENGLAND/194980815/2019|EPI_ISL_408340|7c1f474dc6	2019-11-29	-933.5707792656759
CANBERRA/59/2020|EPI_ISL_419609|c5431d10bf	2020-01-19	-984.5707792656774
ENGLAND/633/2019|EPI_ISL_408367|7c1f474dc6	2019-12-04	-938.570779265675
ENGLAND/629/2019|EPI_ISL_408363|7c1f474dc6	2019-12-09	-943.5707792656776
ENGLAND/567/2019|EPI_ISL_408315|7c1f474dc6	2019-11-30	-934.5707792656757
ENGLAND/194980825/2019|EPI_ISL_408348|7c1f474dc6	2019-12-01	-935.5707792656756
RENNES/F006009PR/2020|EPI_ISL_582599|a9388194ae	2020-01-01	-966.5707792656771
ENGLAND/614/2019|EPI_ISL_408355|7c1f474dc6	2019-11-28	-932.570779265676
ENGLAND/643/2019|EPI_ISL_408373|7c1f474dc6	2019-12-06	-940.5707792656747
BRUNEI/48/2020|EPI_ISL_514709|7c1f474dc6	2020-02-11	-1007.5707792656768
ENGLAND/615/2019|EPI_ISL_408356|7c1f474dc6	2019-11-30	-934.5707792656757
CATALONIA/0840918S/2019|EPI_ISL_407970|7c1f474dc6	2019-11-25	-929.5707792656766
ENGLAND/195040736/2019|EPI_ISL_408382|7c1f474dc6	2019-12-06	-940.5707792656747
CANBERRA/68/2020|EPI_ISL_419619|c5431d10bf	2020-01-23	-988.5707792656766
LYON/0848/2020|EPI_ISL_534014|a9388194ae	2020-02-01	-997.5707792656751
ENGLAND/194980799/2019|EPI_ISL_408326|7c1f474dc6	2019-12-03	-937.5707792656751
LYON/0873/2020|EPI_ISL_534016|a9388194ae	2020-02-03	-999.5707792656748
BELGIUM/S0598/2020|EPI_ISL_477462|7c1f474dc6	2020-01-27	-992.5707792656759
ENGLAND/778/2019|EPI_ISL_459782|7c1f474dc6	2019-12-12	-946.5707792656771
ENGLAND/195040640/2019|EPI_ISL_459739|7c1f474dc6	2019-12-10	-944.5707792656774
BELGIUM/G0098/2020|EPI_ISL_477408|7c1f474dc6	2020-01-21	-986.570779265677
AUSTRIA/1208486/2019|EPI_ISL_407450.EPI_ISL_401367|7c1f474dc6	2019-12-16	-950.5707792656764
ENGLAND/862/2019|EPI_ISL_459855|7c1f474dc6	2019-12-24	-958.570779265675
HESSEN/45/2020|EPI_ISL_481472|1d5d31a573	2020-03-09	-1034.5707792656756
AUSTRIA/1207674/2019|EPI_ISL_409945.EPI_ISL_407816|7c1f474dc6	2019-12-12	-946.5707792656771
ENGLAND/786/2019|EPI_ISL_459793|7c1f474dc6	2019-12-16	-950.5707792656764
ENGLAND/870/2019|EPI_ISL_470921|7c1f474dc6	2019-12-23	-957.5707792656751
ENGLAND/200240755/2019|EPI_ISL_471012|7c1f474dc6	2019-12-26	-960.5707792656747
/ROMANIA/257272/2020|EPI_ISL_468329|51326df512	2020-01-25	-990.5707792656763
PORTUGAL/GG66/2020|EPI_ISL_498390.EPI_ISL_455558|7c1f474dc6	2020-02-08	-1004.5707792656773
ENGLAND/829/2019|EPI_ISL_459820|7c1f474dc6	2019-12-20	-954.5707792656757
ENGLAND/11977/2020|EPI_ISL_463769|7c1f474dc6	2020-02-21	-1017.570779265675
GERMANY/11986/2020|EPI_ISL_463778|7c1f474dc6	2020-02-22	-1018.5707792656749
NIEDERSACHSEN/97/2020|EPI_ISL_481479|1d5d31a573	2020-03-13	-1038.570779265675
ENGLAND/865/2019|EPI_ISL_470916|7c1f474dc6	2019-12-23	-957.5707792656751
BAYERN/41/2020|EPI_ISL_645143|1d5d31a573	2020-01-30	-995.5707792656755
ENGLAND/195180582/2019|EPI_ISL_459816|7c1f474dc6	2019-12-18	-952.570779265676
CARDIFF/1286/2019|EPI_ISL_400530|8e510de768	2019-12-01	-935.5707792656756
RHEINLANDPFALZ/30/2020|EPI_ISL_481470|1d5d31a573	2020-03-04	-1029.5707792656765
NETHERLANDS/10289/2019|EPI_ISL_402114|8cad26217e	2019-12-20	-954.5707792656757
CZECHREPUBLIC/109/2020|EPI_ISL_435290|4e995702ae	2020-01-14	-979.5707792656748
CARDIFF/0273/2019|EPI_ISL_400544|a9388194ae	2019-12-06	-940.5707792656747
CZECHREPUBLIC/149/2020|EPI_ISL_435298|9ec6e2e815	2020-01-21	-986.570779265677
NORTHERNIRELAND/31109/2019|EPI_ISL_401708|7c1f474dc6	2019-11-17	-921.5707792656746
HUNGARY/104/2020|EPI_ISL_527220|7c1f474dc6	2020-01-27	-992.5707792656759
BADENWUERTTEMBERG/179/2020|EPI_ISL_481437|1d5d31a573	2020-02-17	-1013.5707792656758
RIVERSIDE/9365/2019|EPI_ISL_400522|a9388194ae	2019-12-05	-939.5707792656748
CARMARTHEN/6881/2019|EPI_ISL_400542|a9388194ae	2019-12-05	-939.5707792656748
CARDIFF/1419/2019|EPI_ISL_400543|a9388194ae	2019-12-05	-939.5707792656748
ENGLAND/195100332/2019|EPI_ISL_428596|7c1f474dc6	2019-12-12	-946.5707792656771
PARIS/2560/2019|EPI_ISL_407512.EPI_ISL_400344|7c1f474dc6	2019-11-25	-929.5707792656766
CARDIFF/9451/2019|EPI_ISL_400607|a9388194ae	2019-12-09	-943.5707792656776
NORTHERNIRELAND/30012/2019|EPI_ISL_401690|7c1f474dc6	2019-11-05	-909.5707792656766
RHYL/4515/2019|EPI_ISL_399971|a9388194ae	2019-12-01	-935.5707792656756
CZECHREPUBLIC/178/2020|EPI_ISL_435300|4e995702ae	2020-01-23	-988.5707792656766
ENGLAND/530/2019|EPI_ISL_428522|7c1f474dc6	2019-12-02	-936.5707792656754
GERMANY/11868/2020|EPI_ISL_435191|7c1f474dc6	2020-02-13	-1009.5707792656765
ENGLAND/194380622/2019|EPI_ISL_399830|7c1f474dc6	2019-10-21	-894.5707792656758
ENGLAND/327/2019|EPI_ISL_399828|7c1f474dc6	2019-10-22	-895.5707792656756
NETHERLANDS/10278/2019|EPI_ISL_402104|8cad26217e	2019-12-18	-952.570779265676
NORTHERNIRELAND/29702/2019|EPI_ISL_401685|7c1f474dc6	2019-11-04	-908.5707792656767
NORTHERNIRELAND/30941/2019|EPI_ISL_401703|7c1f474dc6	2019-11-16	-920.5707792656747
BRETAGNE/2557/2019|EPI_ISL_400342|7c1f474dc6	2019-11-23	-927.570779265677
BELGIUM/G0270/2020|EPI_ISL_485720.EPI_ISL_477423|7c1f474dc6	2020-02-10	-1006.570779265677
BREST/2484/2019|EPI_ISL_400336|7c1f474dc6	2019-10-21	-894.5707792656758
BULGARIA/1024/2020|EPI_ISL_477505.EPI_ISL_434396|cfe42c0721	2020-02-16	-901.3780017564418
MACEDONIA/450/2020|EPI_ISL_498369.EPI_ISL_477582|ebabbaebb4	2020-02-10	-895.5078954766044
SWEDEN/87/2020|EPI_ISL_447874|ebabbaebb4	2020-02-28	-913.5078954766047
ENGLAND/872/2019|EPI_ISL_470925|3bffa02bb1	2019-12-18	-915.5707266256211
ENGLAND/200240784/2020|EPI_ISL_471022|3bffa02bb1	2020-01-08	-936.5707266256209
ENGLAND/679/2019|EPI_ISL_428569|3bffa02bb1	2019-12-11	-908.5707266256223
ENGLAND/765/2019|EPI_ISL_459769|3bffa02bb1	2019-12-16	-913.5707266256214
ENGLAND/782/2019|EPI_ISL_459787|3bffa02bb1	2019-12-13	-910.570726625622
ENGLAND/832/2019|EPI_ISL_459824|3bffa02bb1	2019-12-19	-916.5707266256209
ENGLAND/853/2019|EPI_ISL_459844|3bffa02bb1	2019-12-19	-916.5707266256209
ENGLAND/735/2019|EPI_ISL_428615|3bffa02bb1	2019-12-13	-910.570726625622
ENGLAND/723/2019|EPI_ISL_459758|3bffa02bb1	2019-12-13	-910.570726625622
ENGLAND/876/2019|EPI_ISL_470936|3bffa02bb1	2019-12-24	-921.5707266256201
ENGLAND/611/2019|EPI_ISL_408018|3bffa02bb1	2019-12-02	-899.5707266256204
ENGLAND/194980811/2019|EPI_ISL_408336|3bffa02bb1	2019-12-02	-899.5707266256204
ENGLAND/648/2019|EPI_ISL_416211.EPI_ISL_408020|ad1d98971e	2019-12-07	-904.5707266256196
THUERINGEN/2/2020|EPI_ISL_407196|5b0d751457	2020-01-06	-897.443994388812
JAMAICA/0261/2020|EPI_ISL_455808|ec96fcfa87	2020-01-20	-911.3289867388487
BOURGOGNE/1249/2020|EPI_ISL_485730.EPI_ISL_462108|371171d3a4	2020-02-17	-902.252853389519
CZECHREPUBLIC/87/2020|EPI_ISL_409974|36e1588de2	2020-01-10	-901.3865880610593
CZECHREPUBLIC/101/2020|EPI_ISL_435288.EPI_ISL_409972|6d937db9ac	2020-01-13	-904.3865880610588
NETHERLANDS/00058/2020|EPI_ISL_406881|9401909a32	2020-01-13	-941.5381015194373
MOLDOVA/4161/2020|EPI_ISL_529047|d550da9d78	2020-03-03	-917.317471621057
AUSTRIA/1210751/2019|EPI_ISL_407838|7c48fcfc35	2019-12-28	-906.7256972032033
AUSTRIA/1210494/2019|EPI_ISL_407830|8ac2a88b77	2019-12-25	-903.8810041257647
HUNGARY/91/2020|EPI_ISL_529041|0be7418b3b	2020-02-18	-903.5020739467808
HUNGARY/108/2020|EPI_ISL_527221|f1a654ddae	2020-03-06	-957.5207215286961
ENGLAND/771/2019|EPI_ISL_459775|539cafa6e4	2019-12-10	-907.5505932445509
ENGLAND/724/2019|EPI_ISL_459759|539cafa6e4	2019-12-13	-910.5505932445503
SOUTHAUSTRALIA/4/2020|EPI_ISL_419270|ab506cd83d	2020-01-21	-912.5335960643696
NETHERLANDS/01671/2019|EPI_ISL_401964|4fb7b42d5b	2019-12-05	-939.5707792656748
QUEBEC/RV6524/2020|EPI_ISL_463175|8483d8f48c	2020-01-27	-992.5707792656759
QUEBEC/RV6119/2020|EPI_ISL_454703|8483d8f48c	2019-12-27	-961.5707792656744
QUEBEC/RV1551/2020|EPI_ISL_436083|8483d8f48c	2020-02-05	-1001.5707792656744
QUEBEC/RV6127/2020|EPI_ISL_454704|8483d8f48c	2019-12-28	-962.5707792656743
QUEBEC/RV1037/2020|EPI_ISL_435931|8483d8f48c	2019-12-16	-950.5707792656764
QUEBEC/RV0616/2020|EPI_ISL_435895|8483d8f48c	2019-12-16	-950.5707792656764
SLOVENIA/283/2020|EPI_ISL_407871|4aae8eadc7	2020-01-14	-942.5720953342211
ENGLAND/638/2019|EPI_ISL_459734|24aaf37ca7	2019-12-06	-903.572095334221
ENGLAND/890/2019|EPI_ISL_487018|5513454f13	2019-12-17	-914.5450714623282
PORTTALBOT/0536/2019|EPI_ISL_400513|00731780c7	2019-12-03	-900.5450714623272
ENGLAND/195200851/2019|EPI_ISL_470911|06f11e4e71	2019-12-18	-915.5450714623281
ENGLAND/200120925/2019|EPI_ISL_487020|06f11e4e71	2019-12-15	-912.5450714623286
NETHERLANDS/10286/2019|EPI_ISL_410011.EPI_ISL_402110|7c21372465	2019-12-30	-927.5450714623295
ROMANIA/256270/2020|EPI_ISL_405823|190a420bb5	2020-01-13	-904.518099678702
ENGLAND/889/2019|EPI_ISL_487017|06f11e4e71	2019-12-17	-914.5450714623282
HUNGARY/61/2020|EPI_ISL_527222|3a1774ed68	2020-02-05	-927.412264902122
ROMANIA/259292/2020|EPI_ISL_516792|70470b8755	2020-02-23	-908.2011999659959
ROMANIA/259289/2020|EPI_ISL_516791|70470b8755	2020-02-27	-912.2011999659986
NETHERLANDS/01624/2019|EPI_ISL_416273.EPI_ISL_400508|9bc7c8d891	2019-11-27	-894.5427240712718
BELGIUM/IS0494/2020|EPI_ISL_2462376|16fb4621fc	2020-02-01	-960.518921538363
BELGIUM/S0710/2020|EPI_ISL_477470.EPI_ISL_477471|16fb4621fc	2020-02-08	-967.5189215383651
BELGIUM/S0878/2020|EPI_ISL_477480.EPI_ISL_477479|8a07c0f122	2020-02-14	-936.4813467751522
ENGLAND/195180880/2019|EPI_ISL_428519|1b179e4b0e	2019-12-13	-910.5256314596897
ENGLAND/535/2019|EPI_ISL_408120|3a41f40c02	2019-11-26	-893.4973761117634
NETHERLANDS/10041/2020|EPI_ISL_407060|72b0b57a3a	2020-01-22	-950.4973761117639
CENTRE/764/2020|EPI_ISL_412007|39d943585b	2020-02-04	-926.4047424118543
ENGLAND/835/2019|EPI_ISL_459829|a0dcfda116	2019-12-19	-916.5286469529206
ENGLAND/200181206/2019|EPI_ISL_487003|5995e4a5ec	2019-12-30	-927.5490764707009
NOVISAD/5997/2020|EPI_ISL_534027|96b6495d7f	2020-02-02	-961.5161588387022
NOVISAD/5905/2020|EPI_ISL_534021|96b6495d7f	2020-01-29	-957.5161588387028
BERLIN/52/2020|EPI_ISL_645146|92bab4026e	2020-02-12	-934.4253488882373
ENGLAND/581/2019|EPI_ISL_428533|ed25669e11	2019-12-04	-901.5511927335439
ENGLAND/544/2019|EPI_ISL_428496|ed25669e11	2019-12-02	-899.5511927335442
ENGLAND/10774/2019|EPI_ISL_414059|b6c1dd2904	2019-12-22	-919.5611745525694
ENGLAND/717/2019|EPI_ISL_459753|b6c1dd2904	2019-12-13	-910.561174552571
ENGLAND/756/2019|EPI_ISL_428640|b6c1dd2904	2019-12-11	-908.5611745525713
LUXEMBOURG/LNS2048108/2020|EPI_ISL_487234|84cb2527e8	2020-02-18	-940.4796819298466
HAWAII/85/2019|EPI_ISL_409443.EPI_ISL_404603|35bdc8b686	2019-12-16	-913.5383579239069
CALIFORNIA/01/2020|EPI_ISL_404604|35bdc8b686	2020-01-02	-930.5383579239075
ENGLAND/195140156/2019|EPI_ISL_459762|e4c88b0e2e	2019-12-11	-908.5383579239078
NETHERLANDS/00213/2020|EPI_ISL_412442|29f1a86fb6	2020-01-31	-959.5544068507435
IOWA/71/2019|EPI_ISL_409044.EPI_ISL_409374|9e84ca26c6	2019-12-18	-915.5544068507442
IOWA/73/2019|EPI_ISL_409045.EPI_ISL_409375|9e84ca26c6	2019-12-24	-921.5544068507431
IOWA/15/2020|EPI_ISL_413705.EPI_ISL_413745|04bf11e21b	2020-02-11	-933.5472614788052
AUSTRIA/1221684/2020|EPI_ISL_486617|2b2d0abe72	2020-02-10	-932.4941743568012
AUSTRIA/1217204/2020|EPI_ISL_486579|a1c1e943b3	2020-01-24	-915.4941743568007
AUSTRIA/1216330/2020|EPI_ISL_486572|359c37028b	2020-01-22	-913.4941743568011
AUSTRIA/1214618/2020|EPI_ISL_486552|e9b535e9d0	2020-01-15	-906.4941743567988
AUSTRIA/1211998/2020|EPI_ISL_486539|e9b535e9d0	2020-01-07	-898.4941743568003
BELGIUM/S0900/2020|EPI_ISL_485726|d510ca2037	2020-02-11	-896.3547445429214
MACEDONIA/438/2020|EPI_ISL_512109|546681b43e	2020-02-07	-892.4167409120574
MACEDONIA/593/2020|EPI_ISL_498374.EPI_ISL_477586|b779909a7e	2020-02-21	-943.4941743567992
LYON/0151/2020|EPI_ISL_412070|8a0354b455	2020-01-07	-898.4941743568003
NETHERLANDS/10130/2020|EPI_ISL_413529|551eac219e	2020-02-18	-977.5358299695548
PALESTINE/17R/2019|EPI_ISL_410025|4895b9d5b7	2019-12-20	-917.5472130014284
ENGLAND/200200167/2020|EPI_ISL_480482|844e3ed30c	2020-01-02	-893.4696929014427
THUERINGEN/38/2020|EPI_ISL_481439|458c01ba07	2020-02-17	-976.5805387140355
PONTYPRIDD/9299/2019|EPI_ISL_413639|1d52bbd618	2019-11-27	-894.5276068790695
BELGIUM/S1258/2020|EPI_ISL_485728.EPI_ISL_477494|657863b85b	2020-02-07	-966.5180548122225
ENGLAND/576/2019|EPI_ISL_428500|6557a72baf	2019-12-03	-900.548787561985
ENGLAND/200280691/2020|EPI_ISL_471072|5e1f9ec4ff	2020-01-01	-929.54418306462
CZECHREPUBLIC/111/2020|EPI_ISL_435293|806fe3fca4	2020-01-15	-943.4990084528193
BRETAGNE/681/2020|EPI_ISL_412003|ebacd85f3a	2020-02-03	-962.4990084528196
ENGLAND/195000649/2019|EPI_ISL_408370|ebacd85f3a	2019-12-04	-901.4990084528198
BELGIUM/G0540/2019|EPI_ISL_407460|ebacd85f3a	2019-12-24	-921.4990084528198
ENGLAND/709/2019|EPI_ISL_428588|a9aa1b7218	2019-12-13	-910.5353171544168
ENGLAND/195120666/2019|EPI_ISL_428604|a9aa1b7218	2019-12-08	-905.5353171544142
MINNESOTA/76/2019|EPI_ISL_410756.EPI_ISL_410755|18716cadcc	2019-12-31	-928.5463787733298
ENGLAND/200360354/2020|EPI_ISL_480514|b6c54f23d9	2020-01-15	-943.5463787733272
ENGLAND/754/2019|EPI_ISL_428638|eb79964c2d	2019-12-11	-908.4983692377957
ENGLAND/195200845/2019|EPI_ISL_470910|58e56d291c	2019-12-19	-916.5588885591122
ENGLAND/818/2019|EPI_ISL_459301|58e56d291c	2019-12-18	-915.5588885591125
ENGLAND/770/2019|EPI_ISL_459774|58e56d291c	2019-12-16	-913.5588885591128
PARIS/647/2020|EPI_ISL_411999|58e56d291c	2020-01-27	-955.5588885591123
BADENWUERTTEMBERG/41/2020|EPI_ISL_413438|e7c3df6295	2020-01-28	-919.4243521513131
ROMANIA/259216/2020|EPI_ISL_515982|6dc7e1c229	2020-02-29	-951.432268272414
ROMANIA/1012/2020|EPI_ISL_445201|0ee10539e5	2020-02-19	-941.4663307065825
ENGLAND/48/2020|EPI_ISL_487045|da08dcb83b	2020-01-03	-931.5049166502936
ROMANIA/1052/2020|EPI_ISL_445202|3053b1964b	2020-02-21	-980.5049166502919
ROMANIA/257832/2020|EPI_ISL_515930|3acc02338c	2020-02-07	-929.4586132094507
ROMANIA/257831/2020|EPI_ISL_515567|3acc02338c	2020-02-07	-929.4586132094507
ROMANIA/536/2020|EPI_ISL_413484|a957b817f4	2020-01-29	-957.5049166502924
CZECHREPUBLIC/179/2020|EPI_ISL_435301|02c1629425	2020-01-23	-914.4566919596766
ENGLAND/55/2020|EPI_ISL_471007|f2cdb625df	2020-01-07	-898.4468618167949
ENGLAND/200220538/2020|EPI_ISL_470889|f2cdb625df	2020-01-07	-898.4468618167949
ENGLAND/892/2019|EPI_ISL_470986|c121c64412	2019-12-30	-927.5575956854832
ENGLAND/195100160/2019|EPI_ISL_428583|c71d9a0bfc	2019-12-13	-910.5266859833202
ENGLAND/200240300/2020|EPI_ISL_480494|c71d9a0bfc	2020-01-06	-934.5266859833195
ENGLAND/716/2019|EPI_ISL_459751|c71d9a0bfc	2019-12-12	-909.5266859833204
ENGLAND/195100388/2019|EPI_ISL_459752|c71d9a0bfc	2019-12-12	-909.5266859833204
STOCKHOLM/42/2019|EPI_ISL_404261|c71d9a0bfc	2019-12-30	-927.5266859833207
ROMANIA/8/2019|EPI_ISL_403944|18ad918f13	2019-12-23	-920.5266859833184
LINKOPING/1/2020|EPI_ISL_404276|a1fbe2f1ca	2020-01-02	-893.4715852454534
ENGLAND/66/2020|EPI_ISL_480495|a4d282a834	2020-01-06	-934.5266859833195
ENGLAND/65/2020|EPI_ISL_480493|c71d9a0bfc	2020-01-06	-934.5266859833195
ENGLAND/200300676/2019|EPI_ISL_471075|5e3dc64518	2019-12-31	-928.56936513881
ENGLAND/761/2019|EPI_ISL_459764|4e89e0e18f	2019-12-13	-910.5622037937432
ENGLAND/654/2019|EPI_ISL_459742|bd9fa49c78	2019-12-10	-907.554630750965
ENGLAND/653/2019|EPI_ISL_459741|bd9fa49c78	2019-12-10	-907.554630750965
ENGLAND/562/2019|EPI_ISL_408308|bd9fa49c78	2019-11-27	-894.5546307509638
ENGLAND/516/2019|EPI_ISL_408102|bd9fa49c78	2019-11-29	-896.5546307509635
NETHERLANDS/00330/2020|EPI_ISL_415734|83279db4f6	2020-02-13	-898.6043912600779
CZECHREPUBLIC/154/2020|EPI_ISL_435299|5ce54c00cf	2020-01-21	-949.5412145192081
ENGLAND/573/2019|EPI_ISL_428526|abd08c717b	2019-12-02	-899.5419692952395
SWEDEN/82/2020|EPI_ISL_447869|ff868f4868	2020-02-27	-949.3996034091748
ENGLAND/896/2019|EPI_ISL_480467|0efa31f877	2019-12-31	-928.5128219387145
ENGLAND/894/2019|EPI_ISL_480463|0efa31f877	2019-12-31	-928.5128219387145
ENGLAND/200181078/2019|EPI_ISL_480468|39a70098fa	2019-12-24	-921.5309546179435
BREMEN/3/2020|EPI_ISL_482821|060e55028a	2020-02-05	-927.3896577301035
BREMEN/14/2020|EPI_ISL_481456|4fec35c86b	2020-03-02	-916.332632131574
ENGLAND/680/2019|EPI_ISL_428571|b552e2f231	2019-12-11	-908.4725010007562
GUADELOUPE/447/2020|EPI_ISL_487472|5ab27b3d03	2020-03-05	-993.5435799647337
ENGLAND/788/2019|EPI_ISL_459797|4c03c87caf	2019-12-16	-913.5657248803266
ENGLAND/200220529/2020|EPI_ISL_471006|2ec5832cea	2020-01-07	-935.5706652342267
ENGLAND/732/2019|EPI_ISL_459761|36a4483583	2019-12-15	-912.4885390887094
NORWAY/2310/2020|EPI_ISL_500745.EPI_ISL_486973|2f5b65c7c5	2020-03-28	-979.5316278667734
SYDNEY/1005/2020|EPI_ISL_419614|72c89029c7	2020-02-15	-937.5316278667739
ENGLAND/200480331/2020|EPI_ISL_479615|7bd1cf3ef0	2020-01-21	-949.5633702674835
GERMANY/11867/2020|EPI_ISL_435190|eb826cdeba	2020-02-18	-977.568743984453
ENGLAND/200200150/2020|EPI_ISL_479605|3f6c5a8796	2020-01-03	-894.5182838590949
ENGLAND/800/2019|EPI_ISL_459802|29d5a7e180	2019-12-16	-913.565710436752
ENGLAND/719/2019|EPI_ISL_459755|ab5b819265	2019-12-13	-910.5184628928325
ENGLAND/663/2019|EPI_ISL_408383|961a106b46	2019-12-06	-903.5280510810238
BULGARIA/1009/2020|EPI_ISL_477504.EPI_ISL_434395|13aff709a9	2020-02-17	-976.528051081025
ENGLAND/195020684/2019|EPI_ISL_408377|13aff709a9	2019-12-05	-902.528051081024
BULGARIA/062/2020|EPI_ISL_409955|13aff709a9	2020-01-10	-938.5280510810247
ENGLAND/605/2019|EPI_ISL_408296|13aff709a9	2019-11-26	-893.5280510810256
BULGARIA/061/2020|EPI_ISL_409954|13aff709a9	2020-01-10	-938.5280510810247
BULGARIA/021/2020|EPI_ISL_407463|13aff709a9	2020-01-06	-934.5280510810254
BULGARIA/078/2020|EPI_ISL_407464|13aff709a9	2020-01-11	-939.5280510810245
BULGARIA/798/2020|EPI_ISL_429891|1c5a6ba641	2020-01-31	-922.5409054746866
BULGARIA/730/2020|EPI_ISL_434399|1c5a6ba641	2020-01-29	-920.540905474687
BULGARIA/912/2020|EPI_ISL_477508.EPI_ISL_434403|923f3fd429	2020-02-06	-928.509085703246
NETHERLANDS/10339/2020|EPI_ISL_421646|93482efc1d	2020-03-11	-962.5437403984225
NORDRHEINWESTFALEN/40/2020|EPI_ISL_481432|018e465979	2020-02-17	-939.5114980965938
BULGARIA/1576/2019|EPI_ISL_491799|50fb08654a	2019-12-23	-920.5280510810244
BULGARIA/1008/2020|EPI_ISL_477503.EPI_ISL_434394|ce9377d39d	2020-02-17	-939.3461949052288
ENGLAND/933/2019|EPI_ISL_480539|777c602280	2019-12-17	-914.5250247489065
NETHERLANDS/10270/2019|EPI_ISL_400588|0040a37c29	2019-12-12	-909.5098931131306
BAYERN/36/2020|EPI_ISL_481440|32e5ceb368	2020-02-21	-980.5543093442063
ENGLAND/805/2019|EPI_ISL_428647|3b95855d3f	2019-12-15	-912.4542708149891
SLOVENIA/1451/2020|EPI_ISL_477604.EPI_ISL_429941|7ec1a0f1f6	2020-02-18	-977.454270814988
ENGLAND/556/2019|EPI_ISL_408300|7ec1a0f1f6	2019-11-26	-893.4542708149888
NETHERLANDS/10219/2020|EPI_ISL_413549|c0fb2b0f46	2020-02-28	-912.9971251519975
ESTONIA/126086/2020|EPI_ISL_500729.EPI_ISL_498303|a820b07469	2020-01-30	-921.4527158446592
AUSTRIA/1220874/2020|EPI_ISL_486613|ed2e512d2c	2020-02-04	-926.4527158446583
ESTONIA/126846/2020|EPI_ISL_500732|fa128a8c79	2020-03-02	-953.4527158446606
ESTONIA/127241/2020|EPI_ISL_500733|a820b07469	2020-03-05	-956.45271584466
ESTONIA/125814/2020|EPI_ISL_407469|a7bec31274	2020-01-16	-907.4527158446582
AUSTRIA/1208858/2019|EPI_ISL_407451.EPI_ISL_403439|b1d836952f	2019-12-16	-913.5210052969607
AUSTRIA/1209023/2019|EPI_ISL_407454.EPI_ISL_407819|ea82003091	2019-12-17	-914.5829474964886
ENGLAND/96/2020|EPI_ISL_480521|9fb8fe69f9	2020-01-13	-904.3136673055805
ENGLAND/194900587/2019|EPI_ISL_408016|2769f9c707	2019-11-27	-894.5699646278044
ENGLAND/506/2019|EPI_ISL_408073|1a56ebb47d	2019-11-26	-893.5720050494748
POLAND/2724/2020|EPI_ISL_498388|c77c5c0347	2020-02-18	-977.5385168280403
NETHERLANDS/10273/2019|EPI_ISL_416281.EPI_ISL_402103|b6731c65f7	2019-12-16	-913.5821710550956
NETHERLANDS/10076/2020|EPI_ISL_411935|9c4c9130a4	2020-02-04	-963.5302829048725
NORDRHEINWESTFALEN/12/2020|EPI_ISL_410966|9f2f07ae54	2020-01-22	-950.5560789116327
PALESTINE/15JR/2019|EPI_ISL_410024|b5c34ee1c9	2019-12-12	-909.5657682172553
PALESTINE/20N/2019|EPI_ISL_410026|5c156f3670	2019-12-19	-916.5657682172541
NETHERLANDS/10036/2020|EPI_ISL_405723|1569916a0f	2020-01-17	-945.5551760703465
LYON/1574/2020|EPI_ISL_671409|24e61728c0	2020-02-25	-984.5431393798723
NETHERLANDS/10065/2020|EPI_ISL_408507|009fb69c16	2020-01-29	-920.3758803531503
NETHERLANDS/10321/2020|EPI_ISL_421642|009fb69c16	2020-03-09	-960.3758803531501
NETHERLANDS/10137/2020|EPI_ISL_413532|009fb69c16	2020-02-19	-941.37588035315
NETHERLANDS/10346/2020|EPI_ISL_421650|4e5d7b5dc2	2020-03-18	-1006.4498829960587
LYON/1631/2020|EPI_ISL_498349.EPI_ISL_498350.EPI_ISL_671411|db9bb3185e	2020-03-01	-952.4211885928285
POLAND/7404/2020|EPI_ISL_529048.EPI_ISL_529049|eb23eb221d	2020-02-12	-897.3565899577238
GRENOBLE/185/2020|EPI_ISL_498324.EPI_ISL_498323|7b86bc1dd0	2020-01-10	-901.4281693683977
GRENOBLE/0185/2020|EPI_ISL_412063|8ecb0ff4b5	2020-01-10	-901.4281693683977
SACHSEN/52/2020|EPI_ISL_413448|3aa33599a7	2020-02-03	-925.4701623672447
SACHSEN/17/2020|EPI_ISL_413449|3aa33599a7	2020-02-03	-925.4701623672447
NIEDERSACHSEN/77/2020|EPI_ISL_481447|90a58316ce	2020-02-25	-947.4701623672443
BERLIN/56/2020|EPI_ISL_645151|aec36b1026	2020-02-17	-939.039795531328
BERLIN/54/2020|EPI_ISL_645149|aec36b1026	2020-02-18	-940.0397955313279
SLOVENIA/1650/2020|EPI_ISL_477608.EPI_ISL_477609.EPI_ISL_429943|1332889d3e	2020-02-27	-911.9036809458754
LYON/CHU0082140/2020|EPI_ISL_412074|7413c172ba	2020-01-14	-905.33144245671
BULGARIA/053/2020|EPI_ISL_409370|2e3528f317	2020-01-08	-899.4180647541732
ROMANIA/322/2020|EPI_ISL_413468|2e3528f317	2020-01-20	-911.4180647541746
ENGLAND/200260848/2020|EPI_ISL_471043|e2200187b5	2020-01-04	-895.4180647541739
ENGLAND/107/2020|EPI_ISL_477527|88c9ff18dd	2020-02-11	-896.2100694932975
/ROMANIA/257197/2020|EPI_ISL_468325|d98fd3d776	2020-01-29	-957.5014822375629
ENGLAND/71/2020|EPI_ISL_480500|431cc3d1da	2020-01-09	-937.5014822375629
ENGLAND/834/2019|EPI_ISL_459826|431cc3d1da	2019-12-20	-917.5014822375629
ENGLAND/195200840/2019|EPI_ISL_470909|431cc3d1da	2019-12-18	-915.5014822375633
ENGLAND/587/2019|EPI_ISL_428537|431cc3d1da	2019-12-04	-901.5014822375623
ENGLAND/707/2019|EPI_ISL_428585|431cc3d1da	2019-12-10	-907.5014822375647
ENGLAND/708/2019|EPI_ISL_428587|431cc3d1da	2019-12-11	-908.5014822375645
AUSTRIA/1215875/2020|EPI_ISL_486569|d0f73c416a	2020-01-21	-912.4777498535967
AUSTRIA/1212804/2020|EPI_ISL_486542|6682277e84	2020-01-10	-901.4777498535951
CATALONIA/NSVH101192469/2020|EPI_ISL_431004|9afc998274	2020-02-14	-936.477749853596
DENMARK/321/2020|EPI_ISL_407944|710132a4ed	2020-01-18	-909.4777498535972
BERLIN/44/2020|EPI_ISL_645154|a7fe56ed53	2020-02-27	-986.5521064075091
NETHERLANDS/01720/2019|EPI_ISL_403748|78cf8c736d	2019-11-27	-894.5566892333067
NETHERLANDS/01687/2019|EPI_ISL_401971|c594d638d9	2019-12-12	-909.5605642308949
NETHERLANDS/01727/2019|EPI_ISL_403752|24d69d4223	2019-12-18	-915.4568637778324
NETHERLANDS/00142/2020|EPI_ISL_410067|115c534c32	2020-01-26	-954.5481194536044
NETHERLANDS/00063/2020|EPI_ISL_408387|41808203ea	2020-01-12	-940.5409725583141
NIEDERSACHSEN/100/2020|EPI_ISL_481452|a64e9cef96	2020-02-28	-987.5297881504085
ATHENSGR/128/2020|EPI_ISL_409939|440f5ad24f	2020-01-16	-1018.6469162258945
AUSTRIA/1213273/2020|EPI_ISL_486546|b24bd78de7	2020-01-13	-1090.097005321776
AUSTRIA/1208437/2019|EPI_ISL_401364|e01caaeee0	2019-12-12	-998.4439189272678
AUSTRIA/1209021/2019|EPI_ISL_407818|234ccb1948	2019-12-17	-1008.1254736739008
AUSTRIA/1218157/2020|EPI_ISL_486587|095bcf7671	2020-01-28	-994.4341889571095
AUSTRIA/1210741/2019|EPI_ISL_407836|a124aadb84	2019-12-29	-1039.6810016498537
NEWJERSEY/9383/2019|EPI_ISL_387467|ef0caebf62	2019-04-02	-915.4662879210907
ALBANIA/0080/2019|EPI_ISL_380072|df40dd038e	2019-03-19	-901.4662879210897
QUEBEC/RV1511/2019|EPI_ISL_354029|b7540ecc24	2019-02-28	-919.4846827032252
ONTARIO/RV1196/2019|EPI_ISL_347729|b7540ecc24	2019-02-12	-903.4846827032245
ALBERTA/RV1944/2019|EPI_ISL_358067|85a945d363	2019-04-15	-926.9727485264783
ALBERTA/RV2121/2019|EPI_ISL_363684|85a945d363	2019-04-21	-932.9727485264773
ALBERTA/RV2401/2019|EPI_ISL_390923|85a945d363	2019-04-21	-932.9727485264773
NORTHDAKOTA/18/2019|EPI_ISL_357885.EPI_ISL_349892|a8228c36ee	2019-03-14	-896.4779743114551
FLORIDA/49/2019|EPI_ISL_363891.EPI_ISL_356238|a8228c36ee	2019-04-15	-928.4779743114565
NOVASCOTIA/RV2161/2019|EPI_ISL_363551|0a5d01c5c4	2019-04-17	-893.4239172645424
ONTARIO/RV2086/2019|EPI_ISL_363663|5d21c56a27	2019-05-16	-922.4239172645408
NEWBRUNSWICK/RV2193/2019|EPI_ISL_363566|5d21c56a27	2019-04-24	-900.4239172645412
NEWBRUNSWICK/RV2195/2019|EPI_ISL_398551.EPI_ISL_363568|2427aac938	2019-05-03	-909.4239172645396
CANBERRA/322/2019|EPI_ISL_470804|8b40e7b08a	2019-07-24	-1028.4801194614506
MILANO/257/2019|EPI_ISL_345285|8b03d75de7	2019-02-19	-910.4846827032268
WASHINGTON/S27062/2019|EPI_ISL_19596745|e40430a91f	2019-03-26	-945.4846827032276
CALIFORNIA/141/2019|EPI_ISL_377697.EPI_ISL_362642|d89da78c1f	2019-05-22	-1002.4846827032246
NEWJERSEY/12/2019|EPI_ISL_353625.EPI_ISL_352067|f302ab674a	2019-02-07	-898.4846827032254
ILLINOIS/16/2019|EPI_ISL_357880.EPI_ISL_349876|f302ab674a	2019-02-26	-917.4846827032255
VIRGINIA/8849/2019|EPI_ISL_366607|5af6c37c22	2019-03-12	-931.4846827032266
DELAWARE/9335/2019|EPI_ISL_387434|5af6c37c22	2019-03-20	-939.4846827032252
OHIO/8637/2019|EPI_ISL_366499|5af6c37c22	2019-02-10	-901.4846827032248
FINLAND/20/2019|EPI_ISL_344158|5af6c37c22	2019-02-06	-897.4846827032255
USA/PV02828/2019|EPI_ISL_19028918|95aecbb38b	2019-02-03	-894.4846827032261
ARIZONA/8721/2019|EPI_ISL_366924|5af6c37c22	2019-03-12	-931.4846827032266
MICHIGAN/UOMMH23084/2019|EPI_ISL_18981568|5af6c37c22	2019-03-11	-930.4846827032268
WASHINGTON/559/2019|EPI_ISL_380653|f302ab674a	2019-03-26	-945.4846827032276
WISCONSIN/451/2019|EPI_ISL_380523|f302ab674a	2019-03-25	-944.4846827032243
NEWYORK/PV02828/2019|EPI_ISL_17054261|95aecbb38b	2019-02-01	-892.4846827032264
NEWYORK/PV03236/2019|EPI_ISL_17054346|95aecbb38b	2019-02-01	-892.4846827032264
MICHIGAN/335/2019|EPI_ISL_380460|f302ab674a	2019-03-23	-942.4846827032246
PENNSYLVANIA/908/2019|EPI_ISL_380406|f302ab674a	2019-03-29	-948.484682703227
USA/PV03541/2019|EPI_ISL_19029003|95aecbb38b	2019-02-08	-899.4846827032252
MICHIGAN/342/2019|EPI_ISL_380470|f302ab674a	2019-03-25	-944.4846827032243
WASHINGTON/478/2019|EPI_ISL_380272|f302ab674a	2019-03-15	-934.4846827032261
DELAWARE/9333/2019|EPI_ISL_387389|5af6c37c22	2019-03-27	-946.4846827032273
USA/PV02856/2019|EPI_ISL_19028963|95aecbb38b	2019-02-02	-893.4846827032263
WISCONSIN/482/2019|EPI_ISL_380535|f302ab674a	2019-03-29	-948.484682703227
NEWYORK/PV03541/2019|EPI_ISL_17054381|95aecbb38b	2019-02-01	-892.4846827032264
USA/PV02847/2019|EPI_ISL_19028945|95aecbb38b	2019-02-03	-894.4846827032261
TEXAS/8839/2019|EPI_ISL_366598|5af6c37c22	2019-02-11	-902.4846827032247
TEXAS/9127/2019|EPI_ISL_372755|5af6c37c22	2019-03-04	-923.4846827032245
DELAWARE/9031/2019|EPI_ISL_372574|5af6c37c22	2019-03-19	-938.4846827032253
MICHIGAN/398/2019|EPI_ISL_380971|f302ab674a	2019-04-05	-955.4846827032259
NEWYORK/PV03175/2019|EPI_ISL_17053917|95aecbb38b	2019-02-01	-892.4846827032264
DISTRICTOFCOLUMBIA/09/2019|EPI_ISL_353639.EPI_ISL_347904|f302ab674a	2019-02-06	-897.4846827032255
MICHIGAN/319/2019|EPI_ISL_380455|f302ab674a	2019-03-20	-939.4846827032252
LOUISIANA/32/2019|EPI_ISL_363849.EPI_ISL_355611|f302ab674a	2019-04-10	-960.484682703225
PENNSYLVANIA/773/2019|EPI_ISL_359426|f302ab674a	2019-03-11	-930.4846827032268
OREGON/21/2019|EPI_ISL_356262|f302ab674a	2019-04-06	-956.4846827032256
SOUTHCAROLINA/8660/2019|EPI_ISL_366515|5af6c37c22	2019-02-05	-896.4846827032258
USA/PV03175/2019|EPI_ISL_18988704|95aecbb38b	2019-02-22	-913.4846827032262
PENNSYLVANIA/707/2019|EPI_ISL_359389|f302ab674a	2019-03-02	-921.4846827032248
QUEBEC/129/2019|EPI_ISL_394842|5af6c37c22	2019-02-28	-919.4846827032252
NEWYORK/PV03628/2019|EPI_ISL_17054474|95aecbb38b	2019-02-01	-892.4846827032264
MICHIGAN/133/2019|EPI_ISL_359448|f302ab674a	2019-03-04	-923.4846827032245
USA/PV03236/2019|EPI_ISL_18988724|95aecbb38b	2019-02-16	-907.4846827032272
NEWYORK/PV02847/2019|EPI_ISL_17054232|95aecbb38b	2019-02-01	-892.4846827032264
NEWYORK/PV02856/2019|EPI_ISL_17054234|95aecbb38b	2019-02-01	-892.4846827032264
USA/PV03628/2019|EPI_ISL_18988878|95aecbb38b	2019-02-28	-919.4846827032252
WESTVIRGINIA/24/2019|EPI_ISL_355551.EPI_ISL_353481|f302ab674a	2019-03-15	-934.4846827032261
FINLAND/104/2019|EPI_ISL_367845.EPI_ISL_357714|7b2a92694c	2019-04-03	-916.4686569775089
SOUTHAFRICA/R05045/2019|EPI_ISL_18931143|d4a6e4e480	2019-05-10	-916.3283459939141
WASHINGTON/475/2019|EPI_ISL_380269|b85ed463c3	2019-03-15	-897.4762841898946
SNOHOMISHCOUNTY/WAS29706/2019|EPI_ISL_20488426|2290852393	2019-03-15	-897.4762841898946
PENNSYLVANIA/881/2019|EPI_ISL_380774|ea7a652979	2019-03-21	-903.3962381982832
USA/PV03373/2019|EPI_ISL_19028929|5ea92a0279	2019-03-12	-894.4319437999926
IRELAND/29431/2019|EPI_ISL_356562.EPI_ISL_394005|30a29e9632	2019-03-21	-903.4636624539984
MICHIGAN/316/2019|EPI_ISL_380449|34491328e7	2019-03-20	-902.4125038035565
PENNSYLVANIA/882/2019|EPI_ISL_380776|5b5836b764	2019-03-21	-903.449216981073
HAITI/10260/2019|EPI_ISL_377845|f97c60e558	2019-03-14	-896.4411997425441
HAITI/20284/2019|EPI_ISL_378057|52993a5fbf	2019-04-10	-923.4411997425428
HAITI/40253/2019|EPI_ISL_377844|52993a5fbf	2019-03-12	-894.4411997425444
HAITI/10588/2019|EPI_ISL_377852|52993a5fbf	2019-03-21	-903.4411997425428
HAITI/10393/2019|EPI_ISL_377847|52993a5fbf	2019-03-19	-901.4411997425432
WASHINGTON/488/2019|EPI_ISL_380598|e46975c3e0	2019-03-18	-900.473283140235
WASHINGTON/170/2019|EPI_ISL_362370.EPI_ISL_354133|e46975c3e0	2019-03-21	-903.4732831402345
SNOHOMISHCOUNTY/WAS29721/2019|EPI_ISL_20488621|89eeb4049e	2019-03-17	-899.4732831402353
MICHIGAN/403/2019|EPI_ISL_380976|d441a9dba6	2019-04-08	-921.4928314820918
WISCONSIN/133/2019|EPI_ISL_355594.EPI_ISL_349891|3e02d1b13e	2019-03-12	-894.4828857720041
WISCONSIN/279/2019|EPI_ISL_359899|c52bc0cb8d	2019-03-11	-893.4302970153587
WISCONSIN/301/2019|EPI_ISL_359910|c52bc0cb8d	2019-03-12	-894.4302970153585
MICHIGAN/262/2019|EPI_ISL_359658|644c255941	2019-03-14	-896.4745326769382
PENNSYLVANIA/781/2019|EPI_ISL_359430|3fc7799f74	2019-03-12	-894.3945661311925
MICHIGAN/260/2019|EPI_ISL_359654|ba1a8d4cea	2019-03-14	-896.4323663303836
CALIFORNIA/106/2019|EPI_ISL_354190.EPI_ISL_351902|8d89197369	2019-03-17	-899.4742798771604
DELAWARE/33/2019|EPI_ISL_356237|d719fe6bb5	2019-04-12	-925.4784582332411
MEXICO/1873/2019|EPI_ISL_378049|38e2c34db5	2019-04-24	-900.4351811183116
NEWJERSEY/29/2019|EPI_ISL_365997.EPI_ISL_363913|8b0c4bea2c	2019-04-09	-922.4618495496476
LOUISIANA/24/2019|EPI_ISL_354238.EPI_ISL_351991|5f80860541	2019-03-16	-898.4738248487265
GUATEMALA/110/2019|EPI_ISL_417894.EPI_ISL_380090|152f357bca	2019-05-07	-950.4219330876145
GUATEMALA/174/2019|EPI_ISL_417903.EPI_ISL_380093|cacd2bf86c	2019-06-25	-962.3478365490646
GUATEMALA/SM144/2019|EPI_ISL_417901|2762dd9506	2019-06-05	-942.3359840389799
GUATEMALA/227/2019|EPI_ISL_413288.EPI_ISL_398335|27bddce8ba	2019-08-05	-966.0085933340235
PERU/0519/2019|EPI_ISL_409434.EPI_ISL_400783|45be3a624c	2019-09-22	-976.7255790534562
HONDURAS/4619/2019|EPI_ISL_393779.EPI_ISL_378117|857414a4fe	2019-06-05	-905.0916980999554
GUATEMALA/325/2019|EPI_ISL_404555|5d97dd8f43	2019-11-05	-946.3514732409678
PENNSYLVANIA/916/2019|EPI_ISL_380410|1f2f68d6d4	2019-04-01	-914.5007403814053
WISCONSIN/481/2019|EPI_ISL_380533|1f2f68d6d4	2019-03-29	-911.5007403814059
WISCONSIN/467/2019|EPI_ISL_380526|1f2f68d6d4	2019-03-27	-909.5007403814062
PENNSYLVANIA/941/2019|EPI_ISL_380799|1f2f68d6d4	2019-04-20	-933.5007403814055
PENNSYLVANIA/861/2019|EPI_ISL_359634|1f2f68d6d4	2019-03-24	-906.5007403814033
ONTARIO/RV1491/2019|EPI_ISL_350904|d3b2ef72f7	2019-03-13	-895.5007403814052
FINLAND/107/2019|EPI_ISL_357713|5a90409a57	2019-04-16	-929.4643269452841
ILLINOIS/22/2019|EPI_ISL_362379.EPI_ISL_353508|76e98dbbbe	2019-03-10	-892.472936451022
PARAGUAY/9880/2019|EPI_ISL_409379|d1248d76f4	2019-11-20	-1036.1314794722707
PAKISTAN/2548/2019|EPI_ISL_416808|3f75c1b478	2019-12-19	-990.957862360089
ARGENTINA/2840/2019|EPI_ISL_402400|e788bd0909	2019-11-16	-920.9302874765756
PHILIPPINES/6/2021|EPI_ISL_3950048|88f60b4783	2021-07-05	-1554.955944721208
PAKISTAN/31/2020|EPI_ISL_418550|96ab2423af	2020-01-02	-1004.5774841210031
ENGLAND/370/2019|EPI_ISL_428520|aa2e678f60	2019-11-12	-916.5349978724266
ENGLAND/434/2019|EPI_ISL_405136|aa2e678f60	2019-11-09	-913.5349978724271
ENGLAND/194680775/2019|EPI_ISL_405139|aa2e678f60	2019-11-15	-919.5349978724261
BRISBANE/16/2020|EPI_ISL_529129|1019ff6edf	2020-02-24	-983.3659114977753
BRISBANE/501/2021|EPI_ISL_3355458|2e3fdbf262	2021-05-17	-897.059742790974
NEWZEALAND/CF2134/2019|EPI_ISL_20427239|37b3de5a6c	2019-09-13	-893.6965148151955
NEWZEALAND/CF2154/2019|EPI_ISL_20427243|37b3de5a6c	2019-09-30	-910.696514815196
TEXAS/23/2020|EPI_ISL_449734.EPI_ISL_412152|a44a7c965f	2020-01-11	-1013.9277218775302
TEXAS/411/2019|EPI_ISL_409439.EPI_ISL_404601|a44a7c965f	2019-12-04	-975.9277218775298
TEXAS/438/2019|EPI_ISL_412184.EPI_ISL_409385|a44a7c965f	2019-12-29	-1000.9277218775323
TEXAS/37/2020|EPI_ISL_416760.EPI_ISL_416818|a44a7c965f	2020-02-10	-1043.927721877532
MEXICO/INCMNSZ/BMR287/JAN2020|EPI_ISL_591549|701d0558df	2020-01-22	-1024.9277218775317
MEXICOCITY/IBTINER78/2020|EPI_ISL_19898963|113b6f0d8d	2020-01-24	-1026.9277218775314
ARIZONA/11850/2020|EPI_ISL_435173|7ce5f7bae6	2020-02-04	-1000.7143745650452
MONTANA/07/2020|EPI_ISL_449742.EPI_ISL_412125|24698c4897	2020-01-15	-943.6209608128495
TEXAS/17/2020|EPI_ISL_412120.EPI_ISL_409384|11f897c734	2020-01-07	-898.1841239227549
TEXAS/32/2020|EPI_ISL_416819.EPI_ISL_415763|f70af02f93	2020-02-04	-1000.852606936696
NETHERLANDS/00348/2020|EPI_ISL_415726|8f6ea1ef8d	2020-02-14	-936.1604044466055
UTAH/01/2020|EPI_ISL_409681.EPI_ISL_409398|1ec01f5762	2020-01-07	-972.791470071916
UTAH/12/2020|EPI_ISL_415751|1ec01f5762	2020-02-14	-1010.7914700719163
NEVADA/07/2020|EPI_ISL_412159.EPI_ISL_410722|4bae8cdb5c	2020-01-22	-987.8178691785621
SOUTHKOREA/10870/2019|EPI_ISL_414155|ad19e2b0d8	2019-12-20	-991.7777128307672
MEXICO/INCMNSZ/BMQ530/DEC2019|EPI_ISL_403803|83c947d6b0	2019-12-15	-1023.8355365422593
FINLAND/169/2019|EPI_ISL_407237|2962d8bf8a	2019-12-09	-1240.6095953713523
WASHINGTON/S27448/2020|EPI_ISL_19596770|0a1e411eb4	2020-01-03	-1228.536712254365
COLORADO/7683/2018|EPI_ISL_372018|84516ca31c	2018-12-26	-966.8274445156072
LUXEMBOURG/18065564/2018|EPI_ISL_345274|387f9491e7	2018-12-18	-921.8029068341197
LORRAINE/1237/2019|EPI_ISL_346499|b0c8ac1fa6	2019-02-20	-985.8029068341189
LUXEMBOURG/18064751/2018|EPI_ISL_345276|16dedfd0a5	2018-12-13	-916.802906834117
LUXEMBOURG/18061393/2018|EPI_ISL_344885|387f9491e7	2018-11-29	-902.8029068341195
LUXEMBOURG/18065046/2018|EPI_ISL_345277|2722ff94e4	2018-12-15	-918.8029068341167
LUXEMBOURG/19006628/2019|EPI_ISL_345552|482fb36964	2019-03-02	-958.7860035433733
LUXEMBOURG/19005213/2019|EPI_ISL_345544|28b3189bee	2019-01-28	-925.7860035433756
DIJON/1825/2019|EPI_ISL_354680|ead02c5100	2019-03-02	-958.7860035433733
LUXEMBOURG/19008039/2019|EPI_ISL_345565|b11e3a6cba	2019-02-11	-939.7978813359163
BELGIUM/S1348/2019|EPI_ISL_357120|59ebd83267	2019-02-20	-911.6535364319844
LUXEMBOURG/19009696/2019|EPI_ISL_365497|9f22cdc929	2019-02-20	-948.7352421470656
LUXEMBOURG/19009417/2019|EPI_ISL_365495|9f22cdc929	2019-02-19	-947.7352421470658
KENYA/105/2019|EPI_ISL_362221|aa2d2e137c	2019-02-04	-930.7907510744936
KENYA/115/2019|EPI_ISL_362228|517568893e	2019-02-18	-944.7907510744947
KENYA/110/2019|EPI_ISL_362156|517568893e	2019-02-13	-939.790751074492
KENYA/108/2019|EPI_ISL_362218|2add39b034	2019-02-11	-937.7907510744924
KENYA/116/2019|EPI_ISL_362226|2add39b034	2019-02-19	-945.7907510744946
KENYA/109/2019|EPI_ISL_362217|2add39b034	2019-02-11	-937.7907510744924
KENYA/104/2019|EPI_ISL_377651.EPI_ISL_362222|517568893e	2019-02-04	-930.7907510744936
KENYA/114/2019|EPI_ISL_362233|94d31519d7	2019-02-18	-907.8091561375272
KENYA/117/2019|EPI_ISL_362225|94d31519d7	2019-02-19	-908.809156137527
KENYA/112/2019|EPI_ISL_362214|94d31519d7	2019-02-18	-907.8091561375272
KENYA/119/2019|EPI_ISL_362227|94d31519d7	2019-02-25	-914.809156137526
KENYA/121/2019|EPI_ISL_362231|94d31519d7	2019-02-25	-914.809156137526
KENYA/111/2019|EPI_ISL_362155|da85ed8282	2019-02-04	-893.8085097069137
KENYA/135/2019|EPI_ISL_417899.EPI_ISL_394949|c2b67661af	2019-07-15	-942.8275545686637
KENYA/136/2019|EPI_ISL_394950|1323946b06	2019-07-09	-936.6463505281199
KILIFI/MTO230549/2021|EPI_ISL_20257275|5cff422ff5	2021-11-29	-1997.0793304493932
KILIFI/MAT220593/2021|EPI_ISL_20257259|068aeea9e6	2021-12-06	-2152.5617670899833
JIANGSUSUCHENG/1513/2017|EPI_ISL_278570|ccea397676	2017-06-28	-905.0356970531026
ZHEJIANGYONGKANG/1978/2017|EPI_ISL_309766|ef8c019a27	2017-12-03	-1174.0669732634738
ZHEJIANGYONGKANG/1137/2018|EPI_ISL_334629|8bc406c449	2018-02-20	-1253.0669732634738
ZHEJIANGYIWU/11004/2018|EPI_ISL_344428|b9a71c2aed	2018-12-17	-1553.0669732634767
HUBEI/1010/2019|EPI_ISL_20188195|121405443d	2018-10-10	-958.0081827510135
EASTKAZAKHSTANNRL/305/2018|EPI_ISL_309391|a4d4346e5c	2018-02-22	-1069.8802478791004
YUNNANLINXIANG/1660/2018|EPI_ISL_18681141|9d8098faa8	2018-06-18	-1296.941051477041
GUANGDONGMAONAN/1520/2017|EPI_ISL_278549|cfa88ac48e	2017-06-21	-935.1373655314296
YUNNANLINXIANG/123/2018|EPI_ISL_18681140|97ac553986	2018-01-03	-1130.6892776767663
YUNNANGUANDU/1669/2017|EPI_ISL_18681104|7045d68573	2017-08-08	-907.8294101917021
YUNNANLINXIANG/14/2018|EPI_ISL_18681139|e6f6398009	2018-01-02	-1204.2448404288466
YUNNANLINXIANG/1656/2018|EPI_ISL_18681138|e6f6398009	2018-06-18	-1371.244840428845
MEXICO/INCMNSZ/BMR376/JAN2020|EPI_ISL_592508|a5220b5844	2020-01-28	-1993.672876324523
KENYA/247/2012|EPI_ISL_145923|bd6c2d50f8	2012-12-11	928.2293452022548
UGANDA/UVRI/NSAMBYA/002/20160806|EPI_ISL_499029|1219a7c0c6	2016-08-06	-949.2172018381507
YUNNANLINXIANG/114/2018|EPI_ISL_18681142|336bd75830	2018-01-03	-1130.329270250519
TEXAS/6708/2018|EPI_ISL_327194|974c59e449	2018-01-18	-1182.3449889634194
GALICIA/22347908/2024|EPI_ISL_19615421|17186e34ed	2024-01-17	-5131.11324029005
SPAIN/GAHULA615037/2023|EPI_ISL_18838698|f40de2f115	2023-12-26	-4620.297528375159
SANTIAGODECOMPOSTELA/22191107/2022|EPI_ISL_18119173|0bc4697910	2022-03-26	-3977.6461479738928
BELGIUM/S1112/2023|EPI_ISL_18713872|b4edc8cdfd	2023-02-13	-3070.230396426511
GALICIA/10812198/2023|EPI_ISL_19615414|4cd492df97	2023-12-01	-5619.6376031368645
GALICIA/33349999/2023|EPI_ISL_19586453|5da8761bcf	2023-12-19	-6084.28073120447
GALICIA/33157449/2023|EPI_ISL_19586447|a52075e388	2023-12-13	-5781.2820121241175
GALICIA/33348842/2024|EPI_ISL_19615419|b294cac1e7	2024-01-02	-5761.238510848657
GALICIA/28220935/2023|EPI_ISL_19586445|67c1d217d2	2023-12-13	-4372.605095844469
GALICIA/33341960/2023|EPI_ISL_19573237|4b48e48a97	2023-12-05	-4772.008620594948
GALICIA/33345207/2023|EPI_ISL_19615416|7f0edf0642	2023-12-27	-5055.226459870118
GALICIA/33295753/2023|EPI_ISL_19586449|e72fb1a605	2023-12-13	-6115.5777647360255
GALICIA/33157456/2023|EPI_ISL_19586448|f27d9eea6e	2023-12-13	-6152.116544448891
GALICIA/33156584/2024|EPI_ISL_19615425|f702235819	2024-06-24	-6380.722938399049
GALICIA/44143091/2024|EPI_ISL_19615424|f164c0cacc	2024-06-10	-6964.754867877138
BELGIUM/S0220/2023|EPI_ISL_18713845|37c62ed3a7	2023-01-03	-4669.840543118264
BELGIUM/S0576/2023|EPI_ISL_18713862|342e457896	2022-07-18	-5314.980616085825
INDIA/2023/AIIMSB/152|EPI_ISL_20058595|40f4172be9	2023-02-28	-5732.352921795282
IRAN/234/2014|EPI_ISL_177906|0f01b60ca0	2014-11-15	-2358.3751105378738
IRAN/140/2014|EPI_ISL_177907|0f01b60ca0	2014-11-20	-2363.375110537876
IRAN/227/2014|EPI_ISL_177908|0f01b60ca0	2014-11-23	-2366.3751105378756
IRAN/407/2014|EPI_ISL_177909|f90d5dcdee	2014-12-02	-2310.525831259099
HELSINKI/941/2013|EPI_ISL_151118|4519b3aee8	2013-02-27	-1222.7731246811954
SRILANKA/0217/2023|EPI_ISL_18667507|767b9c7612	2023-03-01	-6639.201007021699
INDONESIA/BIOKESIBKL1127/2023|EPI_ISL_18728171|907027cfad	2023-09-06	-6828.2010070216975
LEBANON/HH3514/2023|EPI_ISL_18928900|d1359bac79	2023-11-21	-6904.201007021698
INDONESIA/BIOKESIDSW0063/2023|EPI_ISL_18879815|b5f58b7de9	2023-04-04	-6710.229939781131
CHENNAI/102/2013|EPI_ISL_252688|c7bc169e08	2013-09-10	-2810.1809431119855
CHENNAI/121/2012|EPI_ISL_252685|7de28f22d9	2012-11-11	-2507.180943111983
CHENNAI/173/2012|EPI_ISL_252686|1c595372c7	2012-11-11	-2444.6282849815025
GALICIA/SCQ/332165/2022|EPI_ISL_19042554|14cd85c7d6	2022-11-15	-6497.375736298922
GALICIA/SCQ/191107/2022|EPI_ISL_19042553|14cd85c7d6	2022-03-26	-6263.375736298921
TOKYO/DS442V/2015|EPI_ISL_229157|59e56c6a01	2015-01-22	-3514.5698792374856
TOKUSHIMA/DS288/2015|EPI_ISL_229145|d544febfbb	2015-01-08	-3492.8208399489918
FUKUOKA/DS135V/2014|EPI_ISL_229136|5612bc12c1	2014-12-19	-3179.6538361329117
FUKUOKA/DS68V/2014|EPI_ISL_229132|a2ef33a561	2014-12-15	-3097.8679184027965
ISHIKAWA/DS276V/2015|EPI_ISL_229142|4aee0f340b	2015-01-07	-2334.201265747333
FUKUOKA/DS462V/2015|EPI_ISL_229161|ba367f3244	2015-01-23	-2513.4594088453755
FUKUOKA/DS84/2014|EPI_ISL_229133|9b463b306a	2014-12-16	-2511.2099025838024
GIFU/DS499/2015|EPI_ISL_229165|a481bca143	2015-01-30	-2817.8180513149364
FUKUOKA/DS323V/2015|EPI_ISL_229149|ac66d3a3af	2015-01-10	-2797.3935782639387
HYOGO/JP115/2014|EPI_ISL_229127|e11a3f42bf	2014-12-24	-2327.118712827067
TOKUSHIMA/JP143/2015|EPI_ISL_229128|f5922fee5c	2015-01-05	-2566.448636352197
FUKUOKA/DS85/2014|EPI_ISL_229134|c22a194e10	2014-12-16	-2913.1974103823254
HYOGO/DS282V/2015|EPI_ISL_229143|d693250aae	2015-01-07	-2726.7755382914356
TOKUSHIMA/DS317V/2015|EPI_ISL_229148|aa56e87c9e	2015-01-09	-2789.731436872722
TOKYO/DS508/2015|EPI_ISL_229166|4d8c38b137	2015-02-02	-2584.6785580924084
TOKYO/DS451V/2015|EPI_ISL_229159|f3af626cca	2015-01-23	-2352.613194286987
FUKUOKA/DS384V/2015|EPI_ISL_229151|e3282efa12	2015-01-15	-2419.6390077335004
KANAGAWA/DS448V/2015|EPI_ISL_229158|04abe6b05b	2015-01-21	-2571.8948982744937
CHIBA/DS247/2015|EPI_ISL_229139|7e2fb1c700	2015-01-06	-2519.586640590382
ISHIKAWA/DS485V/2015|EPI_ISL_229164|9a3a72f712	2015-01-27	-2540.529591759709
FUKUOKA/DS482V/2015|EPI_ISL_229163|e3b87e462b	2015-01-26	-2238.5893669039474
ISHIKAWA/DS403/2015|EPI_ISL_229154|23af5c2e9d	2015-01-17	-2118.572376424787
ISHIKAWA/DS311V/2015|EPI_ISL_229146|3dc76ef594	2015-01-09	-2110.890985793446
ISHIKAWA/DS284/2015|EPI_ISL_229144|77bc459fe3	2015-01-08	-2147.434278651702
TOKYO/DS547V/2015|EPI_ISL_229168|244c9e9ab4	2015-03-03	-2200.881775331204
GIFU/DS386/2015|EPI_ISL_229152|047c5e2e59	2015-01-13	-2151.776352264741
KANAGAWA/DS542/2015|EPI_ISL_229167|33d3ad310d	2015-02-23	-2268.6408917310855
TOKYO/DS34/2014|EPI_ISL_229130|573a243555	2014-12-10	-2117.1845211137042
ISHIKAWA/DS427V/2015|EPI_ISL_229156|18122cbd0b	2015-01-20	-2234.230387434405
ISHIKAWA/DS217/2015|EPI_ISL_229138|5741a1b19a	2015-01-05	-2257.2825943263547
TOKYO/DS553V/2015|EPI_ISL_229169|68d607c16b	2015-03-10	-1895.7977688189585
KUMAMOTO/DS424V/2015|EPI_ISL_229155|f07baf868f	2015-01-19	-2195.47300541406
TOKUSHIMA/DS316/2015|EPI_ISL_229147|0b84018dc3	2015-01-09	-2296.4009395804765
FUKUOKA/DS248/2015|EPI_ISL_229140|85745e9784	2015-01-06	-2140.0344370699054
FUKUOKA/DS47/2014|EPI_ISL_229131|a3bb674ab7	2014-12-11	-2152.7359175371744
TOKUSHIMA/DS271/2015|EPI_ISL_229141|6d605eee99	2015-01-07	-2257.205269912585
ISHIKAWA/DS164/2014|EPI_ISL_229137|f5790e3e3e	2014-12-22	-2242.6071599571633
ISHIKAWA/DS383/2015|EPI_ISL_229150|70b1a45fd3	2015-01-15	-2341.8637616085603
FUKUOKA/DS461V/2015|EPI_ISL_229160|061bffd23b	2015-01-24	-2239.479112101728
TOKYO/DS388V/2015|EPI_ISL_229153|0b4523c405	2015-01-16	-1960.8606592832145
GUNMA/DS126/2014|EPI_ISL_229135|df6587229d	2014-12-19	-1820.5466528088025
FUKUOKA/DS472/2015|EPI_ISL_229162|f22349e3e8	2015-01-24	-2163.735932659959
KANAGAWA/JP3/2014|EPI_ISL_229120|5a502a0b2b	2014-12-01	-1765.1026726343107
GUNMA/JP96/2014|EPI_ISL_229125|ed73c777c1	2014-12-19	-1596.1706268394692
GUNMA/JP22/2014|EPI_ISL_229123|70ef1f82ef	2014-12-11	-1661.9918465519206
KANAGAWA/JP20/2014|EPI_ISL_229122|1f510dfc77	2014-12-15	-1326.8059862570894
ISHIKAWA/JP153/2015|EPI_ISL_229129|1f85010886	2015-01-05	-1197.236192781559
KANAGAWA/JP1/2014|EPI_ISL_229118|3a2944bb4f	2014-11-25	-1456.444891560023
ISHIKAWA/JP35V/2014|EPI_ISL_229124|6b69c5119e	2014-12-12	-1473.4615508085355
HOKKAIDO/JP13V/2014|EPI_ISL_229121|6804e57a43	2014-12-05	-1614.9656556895366
GUNMA/JP102/2014|EPI_ISL_229126|03cc3edf74	2014-12-20	-1667.1102569793243
KANAGAWA/JP2/2014|EPI_ISL_229119|1bf44e9106	2014-11-26	-1605.747222039241
HYOGO/DS244/2014|EPI_ISL_206297|8cd7667583	2014-01-21	-953.9330663196084
GUANGDONGMAONAN/1173/2017|EPI_ISL_270745|ddd7c1191e	2017-02-27	-1154.2220807758376
SHANGHAI/XH1846C2/2017|EPI_ISL_19460493|c3ab0352ae	2017-10-17	-1349.1643328807045
SHANGHAI/XH1583C1/2017|EPI_ISL_19460494|c3ab0352ae	2017-07-26	-1266.1643328807052
SHANGHAIXUHUI/1373/2017|EPI_ISL_278719|c3ab0352ae	2017-05-16	-1195.1643328807038
MEXICO/INCMNSZ/BMR759/FEB2020|EPI_ISL_592535|a2c2d2aa47	2020-02-18	-1491.7047845226498
MEXICO/INCMNSZ/BMR164/JAN2020|EPI_ISL_591097|184b417a50	2020-01-14	-1488.9371187331174
MEXICO/INCMNSZ/BMR637/FEB2020|EPI_ISL_592532|178702c946	2020-02-13	-1823.4493485575213
MEXICO/INCMNSZ/BMR667/FEB2020|EPI_ISL_592533|5bae83f158	2020-02-14	-1899.9273777243163
SANTIAGODELESTERO/1061/2012|EPI_ISL_132539|ed8b0cbfc1	2012-09-05	2075.938534365564
CHICAGO/YGA04036/2012|EPI_ISL_160682|e35de036d3	2012-12-13	1954.1232020802963
NEWYORK/40/2012|EPI_ISL_131824|098b07fbd7	2012-10-16	1974.919341832371
CHICAGO/YGA04124/2012|EPI_ISL_160728|eff17fe7c0	2012-12-31	1936.1040437645815
AUSTRIA/119/2012|EPI_ISL_133033|b8591d1c56	2012-12-11	1993.3964078275055
AUSTRIA/710638/2012|EPI_ISL_134158|02ad0801a4	2012-12-11	1993.3964078275055
AUSTRIA/117/2012|EPI_ISL_131698|d2602863c6	2012-11-08	1989.1412697572387
AUSTRIA/705367/2012|EPI_ISL_134156|b06a2f1579	2012-11-06	1991.1412697572384
BAHIA/1213/2012|EPI_ISL_196922|2210dcd6b8	2012-09-22	2141.4292171080147
CHICAGO/YGA04188/2013|EPI_ISL_160748|48484f851c	2013-01-16	1920.0840548440724
CHICAGO/YGA04198/2013|EPI_ISL_160750|3dd01b7ea5	2013-01-23	1913.1425915180178
BRISBANE/16/2013|EPI_ISL_161268.EPI_ISL_288245|6815e6aef1	2013-02-13	2116.3050447699097
ISRAEL/20/2013|EPI_ISL_140345.EPI_ISL_136383|207c1f55a6	2013-01-08	2040.475814039013
ISRAEL/10/2012|EPI_ISL_140344.EPI_ISL_136380|7fe0b1d8d8	2012-10-30	2147.7515297109203
FLORIDA/39/2012|EPI_ISL_129766|607415f74f	2012-10-04	2173.7590738355316
CHICAGO/YGA04200/2013|EPI_ISL_160751|8dd0aaedb7	2013-01-25	1948.3945082741175
LOUISIANA/16/2012|EPI_ISL_134007|e09c22f56c	2012-12-04	1925.9193418323725
CHICAGO/YGA04120/2012|EPI_ISL_160724|8af428738d	2012-12-30	1899.91934183237
CHICAGO/YGA04086/2012|EPI_ISL_160699|8af428738d	2012-12-25	1904.9193418323728
CHICAGO/YGA04108/2012|EPI_ISL_160253|8af428738d	2012-12-28	1901.9193418323698
WISCONSIN/V131188/2013|EPI_ISL_187445|098b07fbd7	2013-02-01	1866.9193418323723
CHICAGO/YGA04132/2013|EPI_ISL_160735|6f82da2256	2013-01-01	1897.9193418323705
CHICAGO/YGA04065/2012|EPI_ISL_160694|8af428738d	2012-12-19	1910.9193418323716
CHICAGO/YGA04085/2012|EPI_ISL_160698|8af428738d	2012-12-25	1904.9193418323728
CATALONIA/NSVH207426/2013|EPI_ISL_134065|304cca62aa	2013-01-18	1880.91934183237
LOUISIANA/3134/2012|EPI_ISL_136070|d6016ba57f	2012-12-04	1925.9193418323725
TEXAS/JMM35/2012|EPI_ISL_136489|e480d5dbd7	2012-11-29	2043.5438934580684
TEXAS/JMM1/2012|EPI_ISL_136432|e480d5dbd7	2012-11-03	2069.5438934580675
HOUSTON/JMM166/2013|EPI_ISL_189629|e480d5dbd7	2013-01-20	1991.543893458067
HOUSTON/JMM69/2012|EPI_ISL_189198|5a2ed1944d	2012-12-14	2028.5438934580675
HOUSTON/JMM139/2013|EPI_ISL_189292|e480d5dbd7	2013-01-12	1999.543893458069
TEXAS/JMM3/2012|EPI_ISL_136441|4cfaac176c	2012-11-11	2098.733636861611
HOUSTON/JMM137/2013|EPI_ISL_189291|35ab063eb8	2013-01-11	2075.185782302658
TEXAS/JMM30/2012|EPI_ISL_136484|9eccb64902	2012-11-28	2081.799078476158
HOUSTON/JMM66/2012|EPI_ISL_189159|c75ec2f2bc	2012-12-12	2105.1797802157453
TEXAS/JMM8/2012|EPI_ISL_136444|e4f33ed5f1	2012-11-20	2127.049272594038
HOUSTON/JMM167/2013|EPI_ISL_189630|5681997411	2013-01-14	2034.9947099413657
GEORGIA/3148/2012|EPI_ISL_136084|c156ab8872	2012-11-01	1999.1158604322472
BUENOSAIRES/998848/2012|EPI_ISL_132532|696e9c0026	2012-06-18	2096.4728552289157
MARYLAND/43/2012|EPI_ISL_133069|6fc0547ee6	2012-11-13	1984.057796568484
FLORIDA/3185/2012|EPI_ISL_142158|5582633f34	2012-12-17	1950.0577965684831
VIRGINIA/14/2012|EPI_ISL_133065|5582633f34	2012-11-13	1984.057796568484
LOUISIANA/3133/2012|EPI_ISL_136069|fb29e86a79	2012-12-04	2001.4498983023705
PARANA/841/2012|EPI_ISL_196929|436372c2b3	2012-07-10	2110.057796568483
ALABAMA/35/2012|EPI_ISL_134779|5582633f34	2012-12-18	1949.0577965684834
FLORIDA/3434/2013|EPI_ISL_153640|22ab911a67	2013-01-05	2043.014580813044
FLORIDA/3441/2013|EPI_ISL_153647|388b549517	2013-06-18	1804.08209954809
ALABAMA/3142/2012|EPI_ISL_136078|c536a070d0	2012-12-05	1963.5219394176856
ALABAMA/3143/2012|EPI_ISL_136079|c536a070d0	2012-12-05	1963.5219394176856
FLORIDA/3144/2012|EPI_ISL_136080|d069a208c3	2012-10-26	1964.9611759208765
FLORIDA/3170/2012|EPI_ISL_142128|4232ed5963	2012-12-18	1911.9611759208753
ALABAMA/3135/2012|EPI_ISL_136071|1c1c448cb7	2012-12-04	1964.5768972307476
BOSTON/DOA2145/2013|EPI_ISL_147991|469b745a12	2013-01-20	1916.0806204189328
FLORIDA/3177/2013|EPI_ISL_142142|4e1be37221	2013-01-04	1969.322194198399
FLORIDA/3172/2012|EPI_ISL_142132|ffd1f05e1a	2012-12-18	2023.5260760868707
SANTAFE/07066/2012|EPI_ISL_132531|8d33840d47	2012-08-30	1984.6909423299712
BRAZIL/7920/2012|EPI_ISL_125910|84d4f57f88	2012-04-11	2125.6909423299708
FLORIDA/3082/2012|EPI_ISL_136018|d3b3e6fef9	2012-12-02	1965.133017798218
PARAGUAY/32/2012|EPI_ISL_129005|5efe8c1cb0	2012-07-02	2081.1271616890126
TEXAS/JMM39/2012|EPI_ISL_136493|45b107c9b2	2012-11-30	1967.1565567048715
GEORGIA/16/2012|EPI_ISL_129659|042f3b20cc	2012-09-02	2318.8910336654253
GEORGIA/15/2012|EPI_ISL_129680|042f3b20cc	2012-09-02	2318.8910336654253
TEXAS/3251/2013|EPI_ISL_140760|5a72c58ce6	2013-01-10	2038.0435765554691
LOUISIANA/08/2012|EPI_ISL_129549|b034dc497f	2012-08-21	2068.3074071953174
KENTUCKY/14/2012|EPI_ISL_129043|1ad356646b	2012-08-08	2118.5460123983516
GEORGIA/3058/2012|EPI_ISL_132806|5efe8c1cb0	2012-09-26	1995.1271616890137
FLORIDA/27/2012|EPI_ISL_125909|5efe8c1cb0	2012-07-16	2067.127161689015
RIODEJANEIRO/766/2012|EPI_ISL_196934|97494f2b8e	2012-08-15	2177.0126335122814
RIODEJANEIRO/765/2012|EPI_ISL_196933|3fc5cae9cf	2012-08-15	2177.0126335122814
PARANA/261/2012|EPI_ISL_196921|1961a93193	2012-05-18	2315.930079669947
VERMONT/16/2012|EPI_ISL_131276|ac86f1d358	2012-10-15	1975.9774162498907
ACORES/SU43/2012|EPI_ISL_134327|9080eaa12d	2012-11-06	1916.8371449923302
TENNESSEE/21/2012|EPI_ISL_143539|f436898c7d	2012-12-17	1950.101562727034
CALIFORNIA/NHRC362744/2012|EPI_ISL_133736|41f564374b	2012-11-06	1962.65518903803
OHIO/3106/2012|EPI_ISL_136042|7ab66f957b	2012-12-04	1888.7688937303037
OHIO/3131/2012|EPI_ISL_136067|a38e379c84	2012-11-28	1933.2927815407684
OHIO/3083/2012|EPI_ISL_136019|aaad7e4046	2012-12-04	1963.1564555502164
OHIO/3104/2012|EPI_ISL_136040|7ab66f957b	2012-11-15	1907.7688937303037
OHIO/3113/2012|EPI_ISL_136049|d644c19171	2012-11-28	1933.3209321603701
PARANA/417/2012|EPI_ISL_196928|ab2cb668bf	2012-07-03	2042.8910591206445
ALASKA/25/2012|EPI_ISL_133064|17cab5726d	2012-10-11	1942.8910591206445
MISSISSIPPI/13/2012|EPI_ISL_131815|757173023c	2012-11-13	1872.721557437394
HOUSTON/JMM117/2013|EPI_ISL_189272|f7f968c427	2013-01-05	1893.639930227631
PARANA/851/2012|EPI_ISL_196930|517dd713f2	2012-07-16	2055.759413773536
RIOGRANDEDOSUL/204/2012|EPI_ISL_263304|0c71922635	2012-06-13	2025.5818444070333
MISSISSIPPI/06/2012|EPI_ISL_121992|8dd426674a	2012-05-14	2055.720506530859
MECKLENBURGVORPOMMERN/8/2012|EPI_ISL_175496|7c68b221d7	2012-12-10	1957.1251847462815
MECKLENBURGVORPOMMERN/13/2012|EPI_ISL_175493|7c68b221d7	2012-12-27	1940.1251847462809
MECKLENBURGVORPOMMERN/12/2012|EPI_ISL_134171|8823c7556d	2012-12-27	1940.1251847462809
MECKLENBURGVORPOMMERN/10/2012|EPI_ISL_134170|8823c7556d	2012-12-17	1950.1251847462827
MECKLENBURGVORPOMMERN/3/2012|EPI_ISL_175497|29b1ec55f4	2012-10-25	1966.0086835173836
AUSTRIA/106/2013|EPI_ISL_139132|72c9be86f5	2013-02-12	1893.0794431497375
BREMEN/19/2012|EPI_ISL_175494|c18bd8ede4	2012-12-17	1950.079443149738
BREMEN/17/2012|EPI_ISL_175495|118fc169b2	2012-12-10	1957.0794431497368
MECKLENBURGVORPOMMERN/4/2012|EPI_ISL_132904|814e4267d5	2012-10-30	1961.0086835173809
MECKLENBURGVORPOMMERN/5/2012|EPI_ISL_132905|814e4267d5	2012-11-05	1955.008683517382
PLZEN/22/2013|EPI_ISL_143565|814e4267d5	2013-01-10	1889.0086835173831
BUENOSAIRES/1105/2012|EPI_ISL_132540|9ec992e2aa	2012-09-09	2012.140368464124
DELAWARE/23/2012|EPI_ISL_134882|8e577d6a96	2012-12-19	1911.1403684641245
PARIS/1912/2012|EPI_ISL_134344.EPI_ISL_134354|b22d78e6d9	2012-12-07	2072.776875860714
CONNECTICUT/FLU159/2013|EPI_ISL_202136|cbb204c414	2013-02-10	1895.3037452652675
ESPIRITOSANTO/450/2012|EPI_ISL_196920|cd3fe21454	2012-07-17	2049.6196341096033
RORAIMA/121143IEC/2012|EPI_ISL_19870915|078734cf90	2012-10-01	2139.495943796782
COLORADO/20/2012|EPI_ISL_132680|5d9fe4e773	2012-11-14	1908.8745840587305
FRENCHGUIANA/1118/2013|EPI_ISL_145679|b634741be7	2013-05-31	1821.8852582660093
BOSTON/YGA00015/2012|EPI_ISL_160265|542ecf6e93	2012-12-28	1938.7986230855463
NEVADA/26/2012|EPI_ISL_131813|fead9055d1	2012-10-31	1997.0998690193949
BOSTON/DOA2155/2012|EPI_ISL_148000|f23bd8f74f	2012-12-29	2052.269812074786
BRAZIL/8456/2012|EPI_ISL_125906|8312e01606	2012-05-18	2164.924336228313
PARANA/404/2012|EPI_ISL_197067|78eba58cef	2012-06-20	2105.549775929088
PARANA/415/2012|EPI_ISL_196926|bb51753a18	2012-06-26	2031.7309547056475
SAOPAULO/1014211/2012|EPI_ISL_132919|68e904e67f	2012-05-22	2122.073030857447
BUENOSAIRES/2508/2012|EPI_ISL_132541|38591f3c0e	2012-09-14	1895.679728483133
CONNECTICUT/FLU018/2012|EPI_ISL_166619|6b98a0ab45	2012-12-31	2013.0643592056308
CONNECTICUT/FLU023/2012|EPI_ISL_166621|5352a3cf70	2012-12-28	1940.6386082710394
FLORIDA/3138/2012|EPI_ISL_136074|e35d4ff7e2	2012-12-06	1925.670100943489
OKLAHOMA/NHRC375185/2013|EPI_ISL_139339|328d360179	2013-01-08	1892.6684288826018
SOUTHCAROLINA/3154/2012|EPI_ISL_136090|b9c65c8edc	2012-11-14	1947.6684288826025
SOUTHCAROLINA/NHRCJX40645/2012|EPI_ISL_143867|645a2ce0cc	2012-12-03	1927.1762256923412
SOUTHCAROLINA/NHRC382368/2012|EPI_ISL_153797|4dab98d377	2012-12-03	1964.2829834522147
GEORGIA/22/2012|EPI_ISL_134001|a7be54dfe2	2012-12-02	1891.0694354344248
BOSTON/YGA02015/2012|EPI_ISL_160559|d7237eb344	2012-12-31	1899.1786633681454
BOSTON/YGA00038/2013|EPI_ISL_160282|d95d058b58	2013-01-11	1888.2003135230705
BOSTON/YGA00004/2012|EPI_ISL_160256|1bd0e24bb7	2012-12-05	1925.2338884245635
BOSTON/YGA01148/2013|EPI_ISL_160460|9167f9b77f	2013-01-05	1894.1875690043837
BOSTON/YGA01098/2012|EPI_ISL_160388|8319e18111	2012-12-30	1900.203726270438
MARYLAND/1135/2013|EPI_ISL_4073839|bd293f644b	2013-01-30	1869.15140836804
MARYLAND/1131/2013|EPI_ISL_368543|bd293f644b	2013-01-30	1869.15140836804
MARYLAND/1138/2013|EPI_ISL_368545|bd293f644b	2013-01-31	1868.1514083680402
MARYLAND/1135D/2013|EPI_ISL_368544|3ebf11c6f0	2013-01-30	1869.15140836804
CONNECTICUT/FLU042/2012|EPI_ISL_202118|edf132fbfe	2012-12-28	1902.2563800293713
MARYLAND/3194/2012|EPI_ISL_142141|00ab466342	2012-12-18	1912.1760704053027
ALABAMA/3102/2012|EPI_ISL_136038|1af6ac9232	2012-12-11	1919.1697035623006
BOSTON/DOA2141/2012|EPI_ISL_147946|6fa9c4c140	2012-12-21	1909.2854298793618
TEXAS/3247/2013|EPI_ISL_140756|b82cf384af	2013-01-07	1929.5497444215023
BOSTON/YGA01111/2013|EPI_ISL_160401|f49ee39820	2013-01-01	1935.5539697254014
SANTACLARA/YGA03075/2013|EPI_ISL_160659|0d96053d03	2013-02-04	1901.565179440586
HOUSTON/JMM98/2012|EPI_ISL_189225|262edcae9a	2012-12-29	1938.400833278724
HABANA/152/2013|EPI_ISL_141451|695da797d6	2013-01-29	2136.357512368839
FLORIDA/3181/2013|EPI_ISL_142150|3a78f53845	2013-01-08	1928.8290115967002
MICHIGAN/09/2012|EPI_ISL_196077|5532b4a3fa	2012-12-28	1902.2824793884158
CHICAGO/YGA04110/2012|EPI_ISL_160715|75fb0ccdd3	2012-12-28	1976.6743206632273
CALIFORNIA/55/2012|EPI_ISL_138713|c339dec94d	2012-12-31	2011.311841341154
CHICAGO/YGA04165/2013|EPI_ISL_160744|e17eb16aa2	2013-01-09	1853.0694354344246
BOSTON/YGA02002/2012|EPI_ISL_160548|e17eb16aa2	2012-12-12	1881.0694354344232
BOSTON/YGA01045/2012|EPI_ISL_160337|e17eb16aa2	2012-12-25	1868.0694354344255
HOUSTON/JMM180/2013|EPI_ISL_189642|e17eb16aa2	2013-02-08	1823.069435434423
BOSTON/YGA02014/2012|EPI_ISL_160558|e17eb16aa2	2012-12-31	1862.069435434423
FLORIDA/3182/2013|EPI_ISL_142152|7faa7531b5	2013-01-09	1853.0694354344246
CONNECTICUT/FLU006/2012|EPI_ISL_166611|169f6d0217	2012-12-29	1864.0694354344228
BOSTON/YGA02005/2012|EPI_ISL_160551|e17eb16aa2	2012-12-17	1876.0694354344241
SOUTHCAROLINA/16/2012|EPI_ISL_131826|7faa7531b5	2012-11-07	1916.069435434424
BOSTON/DOA2138/2012|EPI_ISL_147986|e17eb16aa2	2012-12-20	1873.0694354344246
BOSTON/YGA00020/2012|EPI_ISL_160270|e17eb16aa2	2012-12-28	1865.0694354344225
BOSTON/YGA01125/2013|EPI_ISL_160412|e17eb16aa2	2013-01-02	1860.0694354344234
ALABAMA/3137/2012|EPI_ISL_136073|3f7fa9bdb6	2012-12-03	1890.069435434425
GEORGIA/3145/2012|EPI_ISL_136081|3f7fa9bdb6	2012-10-31	1923.0694354344228
GEORGIA/3121/2012|EPI_ISL_136057|3f7fa9bdb6	2012-11-29	1894.0694354344243
GEORGIA/3114/2012|EPI_ISL_136050|4370dc1a55	2012-11-26	1935.5516949959342
ALASKA/02/2013|EPI_ISL_139924.EPI_ISL_140276|2529cd0024	2013-02-20	1848.1790028355763
SANTACLARA/YGA03076/2013|EPI_ISL_160660|77e0743ce5	2013-02-03	1865.0746234414512
FLORIDA/01/2013|EPI_ISL_134771|c4a8bac00d	2013-01-03	1971.250810746662
RIODEJANEIRO/763/2012|EPI_ISL_196932|b31333188a	2012-08-14	2274.2361893554958
TUCUMAN/I2259/2012|EPI_ISL_132536|ac19eb746b	2012-09-02	2060.272538557441
SANTACLARA/YGA03029/2012|EPI_ISL_160249|46cd52570a	2012-12-03	1926.8900012620156
CHICAGO/YGA04047/2012|EPI_ISL_160687|2409567106	2012-12-17	1875.835295972837
WISCONSIN/37/2012|EPI_ISL_130203|fc0fb61a99	2012-10-05	1985.8552255894965
MISSISSIPPI/12/2012|EPI_ISL_130198|aef22fd599	2012-10-09	2018.8286082686577
MICHIGAN/08/2012|EPI_ISL_196075|3eecdb1f26	2012-12-18	1948.9128073587083
NORWAY/1443/2012|EPI_ISL_132040|20c2d01dc5	2012-06-07	2142.77677426323
SOUTHCAROLINA/NHRC395504/2013|EPI_ISL_152012|c9ddc989a4	2013-02-15	1815.8352959728372
NEBRASKA/04/2013|EPI_ISL_138005|d964b4e23d	2013-01-11	1924.9326915322831
BRAZIL/8751/2012|EPI_ISL_125902|178bf43e3a	2012-06-05	1996.6797284831327
STOCKHOLM/12/2013|EPI_ISL_139630|9d77e50e8f	2013-01-21	1840.8975559744315
STOCKHOLM/38/2012|EPI_ISL_134184.EPI_ISL_131851|9d77e50e8f	2012-11-05	1917.897555974432
STOCKHOLM/37/2012|EPI_ISL_134183.EPI_ISL_131856|9d77e50e8f	2012-11-15	1907.8975559744338
STOCKHOLM/31/2012|EPI_ISL_134182.EPI_ISL_129727|9d77e50e8f	2012-10-17	1936.8975559744322
STOCKHOLM/40/2012|EPI_ISL_134186.EPI_ISL_131854|9d77e50e8f	2012-11-14	1908.8975559744335
OSTERSUND/4/2012|EPI_ISL_130173|9d77e50e8f	2012-10-23	1930.897555974433
OSTERSUND/3/2012|EPI_ISL_130152|9d77e50e8f	2012-10-19	1934.8975559744324
RIODEJANEIRO/361/2012|EPI_ISL_196919|993559f452	2012-07-09	2301.1213037197917
STOCKHOLM/54/2012|EPI_ISL_138444|3923a0b552	2012-12-28	2013.3613652061401
BOSTON/YGA00016/2012|EPI_ISL_160266|a8bdb911ef	2012-12-28	1902.1756948599582
WISCONSIN/25/2012|EPI_ISL_128999|972abd75cb	2012-08-16	2036.2212161609734
BELEM/119244/2012|EPI_ISL_129163|2462b66542	2012-06-07	2068.8498642533737
BRAZIL/0289/2013|EPI_ISL_145126|96d261d286	2013-04-28	1780.8912923488106
BOSTON/YGA01157/2013|EPI_ISL_160469|46ff656c18	2013-01-06	2079.711819138071
CONNECTICUT/FLU139/2013|EPI_ISL_202133|9aee2f913d	2013-02-01	2053.775046983237
CONNECTICUT/FLU055/2012|EPI_ISL_202143|eb7ef4fccd	2012-12-27	2089.7445959203965
CATALONIA/5689S/2013|EPI_ISL_140340|42dfd2c7e8	2013-01-17	2031.6427243448163
BOSTON/YGA01139/2013|EPI_ISL_160451|aaac650741	2013-01-03	1970.91749589592
WISCONSIN/V130258/2012|EPI_ISL_187424|77b0d1cd87	2012-12-01	1929.2059003758275
PARANA/839/2012|EPI_ISL_196927|2eca787460	2012-07-04	2029.0941481122156
TEXAS/JMM59/2012|EPI_ISL_136511|37811e5159	2012-12-08	1884.6062015624507
TEXAS/JMM43/2012|EPI_ISL_136496|37811e5159	2012-12-02	1890.6062015624532
HOUSTON/JMM134/2013|EPI_ISL_189288|067ffa23ba	2013-01-11	1813.6372716983074
TEXAS/3435/2013|EPI_ISL_153641|356236541e	2013-01-14	1847.5642916265701
BOSTON/DOA2224/2013|EPI_ISL_148054|fee5a8e91f	2013-01-01	2047.0726372009115
SAOPAULO/49663/2012|EPI_ISL_132920|178bf43e3a	2012-07-17	1954.6797284831332
STOCKHOLM/30/2012|EPI_ISL_134181.EPI_ISL_129613|178bf43e3a	2012-07-12	1959.6797284831323
INDIANA/158/2012|EPI_ISL_129004|11eaae3637	2012-08-03	2011.592756406322
PERNAMBUCO/124329IEC/2013|EPI_ISL_19870926|cec9f34aac	2013-05-07	2212.4648287812947
RIOGRANDEDONORTE/122616IEC/2013|EPI_ISL_19870921|ffd94a42b7	2013-03-17	2502.740987290808
PERNAMBUCO/122038IEC/2013|EPI_ISL_19870918|b1a68bc5cd	2013-01-30	2336.5397092631097
RIOGRANDEDONORTE/121985IEC/2013|EPI_ISL_19870917|57bb624ce3	2013-01-17	2143.470867991996
JAPAN/3018/2012|EPI_ISL_121823|7ec2f111bc	2012-04-16	2122.334938615222
GAINESVILLE/01/2012|EPI_ISL_143218|22634030ea	2012-07-24	1947.1476727534891
NICARAGUA/AGA206/2012|EPI_ISL_188987|7d94207633	2012-09-18	2116.385320748935
NICARAGUA/AGA218/2012|EPI_ISL_188994|7d94207633	2012-09-07	2127.3853207489365
NICARAGUA/AGA2103/2012|EPI_ISL_189141|7d94207633	2012-11-06	2067.3853207489365
NICARAGUA/AGA214/2012|EPI_ISL_188992|7d94207633	2012-10-01	2103.3853207489374
NICARAGUA/AGA207/2012|EPI_ISL_188988|7d94207633	2012-09-20	2114.385320748935
NICARAGUA/AGA292/2012|EPI_ISL_189106|7d94207633	2012-10-12	2092.3853207489356
NICARAGUA/AGA2104/2012|EPI_ISL_189142|7d94207633	2012-11-03	2070.385320748936
NICARAGUA/93001TR1/2012|EPI_ISL_174232|95ef71904a	2012-08-28	2137.3853207489383
NICARAGUA/AGA202/2012|EPI_ISL_189000|7d94207633	2012-09-16	2118.385320748938
NICARAGUA/AGA221/2012|EPI_ISL_188997|7d94207633	2012-10-10	2094.385320748935
NICARAGUA/AGA2105/2012|EPI_ISL_189143|7d94207633	2012-10-12	2092.3853207489356
NICARAGUA/AGA201/2012|EPI_ISL_188980|7d94207633	2012-09-15	2119.385320748938
NICARAGUA/AGA220/2012|EPI_ISL_188996|7d94207633	2012-10-11	2093.3853207489356
NICARAGUA/AGA209/2012|EPI_ISL_188986|7d94207633	2012-08-31	2134.385320748935
NICARAGUA/AGA2108/2012|EPI_ISL_189146|fcb41e2515	2012-10-11	2167.7855440245717
NICARAGUA/AGA2101/2012|EPI_ISL_189139|0ef1d6d62a	2012-10-30	2111.6167032341173
NICARAGUA/3001401TR2/2012|EPI_ISL_174231|7d94207633	2012-08-30	2135.385320748935
NICARAGUA/AGA2100/2012|EPI_ISL_189138|6a9c0a6173	2012-10-26	2115.4340076959807
NICARAGUA/AGA213/2012|EPI_ISL_188991|a8b9b7d541	2012-09-30	2178.5623036296424
NICARAGUA/AGA291/2012|EPI_ISL_189105|a8b9b7d541	2012-10-15	2163.5623036296415
NICARAGUA/AGA295/2012|EPI_ISL_189109|08c8bec85d	2012-10-20	2233.4241032219807
NICARAGUA/AGA217/2012|EPI_ISL_188993|3e2e72d1c5	2012-10-03	2213.3690711035038
NICARAGUA/AGA211/2012|EPI_ISL_188989|3e2e72d1c5	2012-09-05	2241.3690711035024
NICARAGUA/AGA2107/2012|EPI_ISL_189145|431fd425df	2012-10-11	2205.199163420976
NICARAGUA/AGA2102/2012|EPI_ISL_189140|f458805f18	2012-10-30	2186.3802049526944
NICARAGUA/AGA2106/2012|EPI_ISL_189144|f458805f18	2012-10-12	2204.3802049526944
NICARAGUA/AGA289/2012|EPI_ISL_189103|f458805f18	2012-11-11	2174.380204952696
NICARAGUA/AGA296/2012|EPI_ISL_189137|1113d42fc4	2012-10-23	2156.2544297267777
NICARAGUA/AGA297/2012|EPI_ISL_189162|e6b6a03ac6	2012-10-22	2194.299263341591
NICARAGUA/AGA203/2012|EPI_ISL_188982|5b9bed3fad	2012-09-19	2227.3813894809023
NICARAGUA/AGA204/2012|EPI_ISL_188984|5b9bed3fad	2012-09-19	2227.3813894809023
NICARAGUA/AGA2110/2012|EPI_ISL_189148|7aa075c294	2012-12-06	2149.31254234698
NICARAGUA/AGA2109/2012|EPI_ISL_189147|1113d42fc4	2012-11-19	2129.254429726776
NICARAGUA/AGA290/2012|EPI_ISL_189104|1113d42fc4	2012-11-12	2136.2544297267777
MANAGUA/72603/2012|EPI_ISL_129406|bf02fa142b	2012-07-10	2112.063319727877
NICARAGUA/AGA286/2012|EPI_ISL_189101|1a9daee175	2012-08-20	2145.1017416332065
NICARAGUA/AGA281/2012|EPI_ISL_189097|1a9daee175	2012-08-10	2155.1017416332047
NICARAGUA/AGA284/2012|EPI_ISL_189099|76ab962e42	2012-08-18	2110.055586257611
NICARAGUA/AGA285/2012|EPI_ISL_189100|1edf3f0c58	2012-08-17	2148.1107375541915
NICARAGUA/AGA288/2012|EPI_ISL_189102|3ed4fcfecd	2012-06-30	2122.063319727879
NICARAGUA/AGA208/2012|EPI_ISL_188983|3ed4fcfecd	2012-09-27	2033.0633197278771
NICARAGUA/AGA219/2012|EPI_ISL_188995|3ed4fcfecd	2012-10-08	2022.0633197278755
NICARAGUA/AGA205/2012|EPI_ISL_188985|3ed4fcfecd	2012-09-20	2040.063319727876
NICARAGUA/AGA276/2012|EPI_ISL_189092|3ed4fcfecd	2012-07-26	2096.0633197278767
NICARAGUA/AGA272/2012|EPI_ISL_189090|3ed4fcfecd	2012-07-09	2113.063319727877
NICARAGUA/AGA212/2012|EPI_ISL_188990|3ed4fcfecd	2012-09-29	2031.0633197278776
NICARAGUA/AGA293/2012|EPI_ISL_189107|3ed4fcfecd	2012-10-17	2013.0633197278771
NICARAGUA/AGA294/2012|EPI_ISL_189108|ef67ef54c6	2012-10-17	2050.114375731336
CANBERRA/1001/2012|EPI_ISL_128659.EPI_ISL_288400|56b31cf522	2012-07-16	2106.891150217493
CANBERRA/1/2012|EPI_ISL_128632|59cc0f7976	2012-06-01	2188.8933913444657
BRISBANE/39/2012|EPI_ISL_122601|34eb8d9c34	2012-04-24	2189.8911502174924
NEWCASTLE/8/2012|EPI_ISL_134459|dcb4c9fb76	2012-06-25	2164.8796825931026
VICTORIA/150/2012|EPI_ISL_192789|7ab3751438	2012-07-27	2132.9596599653255
MASSACHUSETTS/06/2012|EPI_ISL_121525|52257e4d6a	2012-04-20	2049.4197635189917
RORAIMA/121120IEC/2012|EPI_ISL_19870914|bfe9c10559	2012-08-21	2337.8376642788726
RIOGRANDEDOSUL/2130/2012|EPI_ISL_263156|5de1b36d62	2012-07-26	1833.87372610963
SYDNEY/223/2012|EPI_ISL_128687|66a46671e8	2012-06-27	1901.3497307100017
SOUTHAUSTRALIA/111/2012|EPI_ISL_192751.EPI_ISL_288391|d960e4c174	2012-07-06	1855.2324169183612
VICTORIA/802/2012|EPI_ISL_122600|4b078dfd38	2012-05-09	1876.1277031972563
MONTANA/08/2012|EPI_ISL_120843|d399d92a27	2012-04-04	2023.022978599158
STOCKHOLM/19/2012|EPI_ISL_149713.EPI_ISL_122682.EPI_ISL_120291|41075a418f	2012-04-14	2012.5524208670886
STOCKHOLM20/2012|EPI_ISL_120292|5ad97726af	2012-04-20	1969.4248471803912
STOCKHOLM/21/2012|EPI_ISL_120293|5ad97726af	2012-04-21	1968.4248471803915
UKRAINE/5426/2012|EPI_ISL_122689|f72d239082	2012-04-16	2047.9617535495804
PERTH/41/2012|EPI_ISL_122559|8721ea588f	2012-04-08	2018.6074581446258
SAINTPETERSBURG/RII63/2012|EPI_ISL_131191|3e1c720e96	2012-04-23	2003.6074581446283
UKRAINE/250/2012|EPI_ISL_121975|e6d0b445c7	2012-04-10	2016.7222057668228
VICTORIA/187/2012|EPI_ISL_192794.EPI_ISL_288370|79a12b383e	2012-08-16	1888.7026502155875
VICTORIA/686/2012|EPI_ISL_14284906|c68d302be7	2012-07-28	1870.746580431131
HOUSTON/JMM92/2012|EPI_ISL_189219|5529b058f5	2012-12-23	1871.9910303642228
HOUSTON/JMM147/2013|EPI_ISL_189307|5529b058f5	2013-01-19	1844.9910303642205
TEXAS/JMM49/2012|EPI_ISL_136502|5529b058f5	2012-12-06	1888.9910303642198
WELLINGTON/5/2012|EPI_ISL_128656|4e6a6a8132	2012-06-12	2029.0164739895301
WELLINGTON/19/2012|EPI_ISL_128704|ae4a90f6a5	2012-07-02	2045.9961151724774
FIJI/8/2012|EPI_ISL_128676|6e92f5b383	2012-06-04	2036.7150077415383
JIANGXIDONGHU/11012/2013|EPI_ISL_260955|66961d9191	2013-12-31	1236.2756864183061
OHIO/3112/2012|EPI_ISL_136048|337505ddcf	2012-11-28	1931.935201112843
MARYLAND/3110/2012|EPI_ISL_136046|337505ddcf	2012-11-26	1933.9352011128428
SOUTHCAROLINA/3155/2012|EPI_ISL_136091|337505ddcf	2012-11-14	1945.9352011128442
SOUTHCAROLINA/3146/2012|EPI_ISL_136082|337505ddcf	2012-10-26	1964.9352011128442
NEWYORK/3208/2012|EPI_ISL_142164|9612338180	2012-12-24	1905.9352011128442
NEWYORK/3210/2012|EPI_ISL_142166|9612338180	2012-12-26	1903.935201112841
SOUTHCAROLINA/22/2012|EPI_ISL_132568|9612338180	2012-11-02	1957.9352011128422
KENTUCKY/17/2012|EPI_ISL_132672|9612338180	2012-11-19	1940.9352011128415
SOUTHCAROLINA/3240/2012|EPI_ISL_140749|9612338180	2012-12-17	1912.935201112843
NEWYORK/3211/2012|EPI_ISL_140719|9612338180	2012-12-26	1903.935201112841
BOSTON/YGA01086/2012|EPI_ISL_160375|6185140186	2012-12-28	1901.9352011128415
CHICAGO/YGA04131/2013|EPI_ISL_160734|6185140186	2013-01-01	1897.9352011128422
NEWYORK/3206/2012|EPI_ISL_142162|9612338180	2012-12-24	1905.9352011128442
HOUSTON/JMM119/2013|EPI_ISL_189274|6185140186	2013-01-07	1891.9352011128433
BOSTON/DOA2163/2013|EPI_ISL_148007|0a344e9024	2013-01-11	1924.9756613585052
NEWYORK/3207/2012|EPI_ISL_142163|abf1296c1f	2012-12-24	1942.9406058045065
TENNESSEE/10/2012|EPI_ISL_132565|a0b2cc439e	2012-11-01	2033.0307982363252
HABANA/3046/2012|EPI_ISL_141450|c629c01766	2012-11-19	1940.9352011128415
KENTUCKY/18/2012|EPI_ISL_133500|9612338180	2012-12-03	1926.935201112844
SOUTHCAROLINA/24/2012|EPI_ISL_134777|f5162ce482	2012-10-29	1998.956564440389
FLORIDA/3093/2012|EPI_ISL_136029|4e730d961e	2012-12-06	1960.958637366306
VIRGINIA/15/2012|EPI_ISL_133067|e804301b0e	2012-12-05	1961.9164529652846
VIRGINIA/16/2012|EPI_ISL_134018|e804301b0e	2012-12-05	1961.9164529652846
MICHIGAN/33/2012|EPI_ISL_134009|e804301b0e	2012-12-03	1963.9164529652844
TENNESSEE/18/2012|EPI_ISL_133496|3bf21112b6	2012-12-07	1996.9341940888146
CHICAGO/YGA04134/2013|EPI_ISL_160737|830c8af345	2013-01-02	1971.0487900410712
MARYLAND/481/2013|EPI_ISL_368587|2eb3183c28	2013-01-05	2005.4667683878704
MARYLAND/485/2013|EPI_ISL_4081160|2eb3183c28	2013-01-05	2005.4667683878704
MARYLAND/482/2013|EPI_ISL_4081188|2eb3183c28	2013-01-05	2005.4667683878704
MARYLAND/485D/2013|EPI_ISL_368588|65266c8a48	2013-01-05	2005.4667683878704
HABANA/3045/2012|EPI_ISL_141449|080c2e96e1	2012-11-19	1988.2263839287295
YUCATAN/198/2012|EPI_ISL_252893|0e4bd5ecfd	2012-09-27	1956.9088522952227
TEXAS/53/2012|EPI_ISL_129404|1b1a4feb69	2012-08-05	2046.9662354156528
QUEBEC/030/2012|EPI_ISL_134720|1b9969efec	2012-12-19	2030.7826982432023
QUEBEC/034/2012|EPI_ISL_134723|f77ee9980b	2012-12-20	2078.1675299630842
QUEBEC/24/2013|EPI_ISL_150507|70c935d45e	2013-01-29	1981.136553818117
QUEBEC/016/2012|EPI_ISL_134707|990cd1c46e	2012-12-11	1993.0785278717663
QUEBEC/23/2013|EPI_ISL_150506|aa11b4a12e	2013-02-05	1937.0785278717658
QUEBEC/039/2012|EPI_ISL_134728|86ce305401	2012-12-24	1988.5984621783077
ONTARIO/004/2013|EPI_ISL_134682|cfb8779e0b	2013-01-02	1933.9892527496202
QUEBEC/020/2012|EPI_ISL_134711|f518491413	2012-12-11	2002.0115269397877
ALBERTA/054/2012|EPI_ISL_134741|15b27379b6	2012-11-17	1980.3758281259124
LISBOA/SU91/2012|EPI_ISL_136388|65599460db	2012-12-11	1918.9135961064962
GEORGIA/3136/2012|EPI_ISL_136072|ad666cf01d	2012-12-03	1893.0096458794
NEWYORK/WCLVD12003/2012|EPI_ISL_369538|37b9a07a6f	2012-04-04	2020.9822753223434
MARYLAND/14/2012|EPI_ISL_121524|f2ac0e67d6	2012-04-24	2075.437503377477
TUCUMAN/I2270/2012|EPI_ISL_132537|cc0add16d1	2012-08-30	1877.0435323265308
TUCUMAN/I2297/2012|EPI_ISL_132535|3d0b41239c	2012-09-04	1991.3357435644075
CZECHREPUBLIC/138/2012|EPI_ISL_129913|28db138b62	2012-05-14	2018.1033575902093
CZECHREPUBLIC/114/2012|EPI_ISL_129909|fb666996f1	2012-04-20	2004.930147022879
NEWYORK/17/2012|EPI_ISL_122172|d7a4e1d99b	2012-05-10	1984.9744729630042
NEWYORK/WCLVD12017/2012|EPI_ISL_369551|2a92df03ab	2012-05-09	1985.974472963004
BERMUDA/1915/2012|EPI_ISL_128998|b057c6187f	2012-06-13	2099.1899608430244
SOUTHCAROLINA/09/2012|EPI_ISL_120864|4b9906563c	2012-04-09	1986.16712600205
JOHANNESBURG/5637/2012|EPI_ISL_132036|7aa30bd135	2012-06-28	1935.8570745850554
UKRAINE/5398/2012|EPI_ISL_122685|5dd20bc486	2012-04-01	2098.0547325801435
VICTORIA/142/2012|EPI_ISL_192785.EPI_ISL_288377|56dbcbac82	2012-07-23	1948.101638544273
UKRAINE/5508/2012|EPI_ISL_136407|c0049b600a	2012-04-10	2014.92586754937
UKRAINE/5498/2012|EPI_ISL_136406|00fba32de0	2012-04-19	2005.9258675493681
UKRAINE/5500/2012|EPI_ISL_140352|aec8196fb4	2012-04-11	2013.8568145696936
SAINTPETERSBURG/RII47/2012|EPI_ISL_131187|7320b9d263	2012-04-20	2079.25562582462
UKRAINE/5408/2012|EPI_ISL_122687|333f25ed25	2012-04-03	1984.7934257390534
UKRAINE/5462/2012|EPI_ISL_136405|333f25ed25	2012-04-11	1976.793425739053
UKRAINE/248/2012|EPI_ISL_122010|c1b248476c	2012-04-06	2093.1832828741626
PERNAMBUCO/121392IEC/2012|EPI_ISL_19870916|ea7aac3a89	2012-08-08	2348.2381250675953
ENGLAND/555/2012|EPI_ISL_132007|7f784c1463	2012-05-09	1911.7485235110557
PUERTORICO/08/2012|EPI_ISL_127840|c1f780685c	2012-06-11	2216.173137214142
PUERTORICO/36/2012|EPI_ISL_129543|a859afd8c0	2012-06-27	2125.738772058471
RHODEISLAND/05/2012|EPI_ISL_120838|60ea28b9ab	2012-04-17	2159.1912467117495
RHODEISLAND/06/2012|EPI_ISL_120839|60ea28b9ab	2012-04-17	2159.1912467117495
ALBERTA/041/2012|EPI_ISL_148364|56523c77f6	2012-04-17	1954.9062519081615
ALASKA/3019/2012|EPI_ISL_121824|947617adc1	2012-04-05	2032.5966876111504
CALIFORNIA/3006/2012|EPI_ISL_121811|af06360afe	2012-04-09	2078.3354287520447
WASHINGTON/3046/2012|EPI_ISL_132794|fa7b727de9	2012-05-13	1994.37646633896
CALIFORNIA/32/2012|EPI_ISL_122012|057cf21655	2012-05-04	2027.8918830563255
NEWJERSEY/3044/2012|EPI_ISL_132792|d0e08b5670	2012-05-03	1917.743933457266
NEVADA/3002/2012|EPI_ISL_121807|d0e08b5670	2012-04-03	1947.7439334572641
NEVADA/3020/2012|EPI_ISL_121825|d0e08b5670	2012-04-16	1934.7439334572664
NEWYORK/WCLVD12015/2012|EPI_ISL_369549|29fd806db2	2012-04-18	1932.7439334572632
CALIFORNIA/NHRC354535/2012|EPI_ISL_143518|a15d8e57d5	2012-05-22	2052.444093983758
ARIZONA/07/2012|EPI_ISL_119714|10d4711601	2012-04-05	2057.62949071603
VIRGINIA/10/2012|EPI_ISL_120860|2d55e81274	2012-04-04	2020.9157737926414
NEWYORK/WCLVD12021/2012|EPI_ISL_369555|3492729f0d	2012-04-10	2051.9199036527352
WASHINGTON/3008/2012|EPI_ISL_121813|9fda70a2cb	2012-04-08	1992.6938927523904
ALBERTA/042/2012|EPI_ISL_148365|5b9b95d7ea	2012-04-18	2206.548485850199
SOUTHCAROLINA/NHRC347656/2012|EPI_ISL_130399|006ccb27e5	2012-04-07	2087.2956923004967
NORTHCAROLINA/14/2012|EPI_ISL_120845|81814802a7	2012-04-09	1978.9504263816584
PERU/PER249/2012|EPI_ISL_152093|aa17044670	2012-04-11	1976.9776272059544
FLORIDA/14/2012|EPI_ISL_121993|2df2ddf245	2012-05-03	1917.7428356029118
SANTIAGO/35234/2012|EPI_ISL_125917|fdf31dc692	2012-05-17	1866.7325627876278
MARTINIQUE/201/2012|EPI_ISL_122127|16db18327d	2012-05-07	1876.7325627876262
BEOGRAD/1549/2012|EPI_ISL_128023|07cb437c0c	2012-04-02	2060.2020924069116
BRISBANE/38/2012|EPI_ISL_122561.EPI_ISL_288810|b074356c39	2012-04-18	2007.5141451095758
ESTONIA/67238/2012|EPI_ISL_121923|5b238e19fa	2012-04-10	1903.7325627876282
ESTONIA/67221/2012|EPI_ISL_121922|5b238e19fa	2012-04-11	1902.7325627876285
STOCKHOLM/22/2012|EPI_ISL_120229|82c4860ddc	2012-04-07	1943.7666309140313
STOCKHOLM/24/2012|EPI_ISL_120226|5e7c849614	2012-04-03	2022.303205018967
DENMARK/42/2012|EPI_ISL_122645|e9c408bb77	2012-04-21	1966.9250745582467
BEOGRAD/1607/2012|EPI_ISL_128024|83e44fe126	2012-04-04	1983.9332579475167
LESKOVAC/1701/2012|EPI_ISL_128056|2a3b67c5d9	2012-04-05	1982.8661803872208
PERU/PER353/2012|EPI_ISL_152815|7fa4a52f14	2012-04-30	2033.3491715174368
MARYLAND/71/2017|EPI_ISL_294283|9e6c92cbf2	2017-09-26	2017.7559351568677
MARYLAND/66/2017|EPI_ISL_294279|afcc345a38	2017-09-26	2017.7559351568677
DELAWARE/33/2017|EPI_ISL_329972|7970043068	2017-09-22	2021.755935156867
OHIO/18/2017|EPI_ISL_329977|42f0149fe5	2017-07-18	2087.7559351568693
MARYLAND/78/2017|EPI_ISL_294291|42f0149fe5	2017-09-19	2024.7559351568664
NORTHDAKOTA/19/2017|EPI_ISL_329981|42f0149fe5	2017-08-03	2071.7559351568684
OHIO/17/2017|EPI_ISL_277237|42f0149fe5	2017-07-18	2087.7559351568693
MARYLAND/61/2017|EPI_ISL_294274|42f0149fe5	2017-09-25	2018.7559351568675
OHIO/15/2017|EPI_ISL_277236|42f0149fe5	2017-07-16	2089.755935156869
OHIO/23/2017|EPI_ISL_277242|42f0149fe5	2017-07-19	2086.755935156866
OHIO/20/2017|EPI_ISL_277239|42f0149fe5	2017-07-17	2088.7559351568693
MARYLAND/79/2017|EPI_ISL_294294|42f0149fe5	2017-09-19	2024.7559351568664
OHIO/22/2017|EPI_ISL_277241|42f0149fe5	2017-07-18	2087.7559351568693
OHIO/21/2017|EPI_ISL_277240|42f0149fe5	2017-07-17	2088.7559351568693
MARYLAND/52/2017|EPI_ISL_294267|42f0149fe5	2017-09-25	2018.7559351568675
OHIO/28/2017|EPI_ISL_329975|42f0149fe5	2017-08-01	2073.7559351568684
MARYLAND/69/2017|EPI_ISL_294281|42f0149fe5	2017-09-26	2017.7559351568677
OHIO/29/2017|EPI_ISL_329974|42f0149fe5	2017-08-05	2069.755935156869
OHIO/26/2017|EPI_ISL_329976|42f0149fe5	2017-07-30	2075.755935156868
DISTRICTOFCOLUMBIA/02/2017|EPI_ISL_329978|42f0149fe5	2017-09-26	2017.7559351568677
MARYLAND/75/2017|EPI_ISL_294287|42f0149fe5	2017-09-19	2024.7559351568664
MARYLAND/63/2017|EPI_ISL_294276|42f0149fe5	2017-09-24	2019.7559351568673
MARYLAND/55/2017|EPI_ISL_294269|42f0149fe5	2017-09-30	2013.7559351568684
MARYLAND/64/2017|EPI_ISL_294277|42f0149fe5	2017-09-24	2019.7559351568673
MARYLAND/74/2017|EPI_ISL_294286|42f0149fe5	2017-09-19	2024.7559351568664
MARYLAND/58/2017|EPI_ISL_294271|42f0149fe5	2017-09-26	2017.7559351568677
MARYLAND/59/2017|EPI_ISL_294272|42f0149fe5	2017-09-28	2015.755935156868
MARYLAND/46/2017|EPI_ISL_294263|42f0149fe5	2017-09-21	2022.7559351568668
MARYLAND/77/2017|EPI_ISL_294289|42f0149fe5	2017-09-19	2024.7559351568664
MARYLAND/50/2017|EPI_ISL_294265|e1c5c0a6c4	2017-09-25	2130.105323313584
MARYLAND/68/2017|EPI_ISL_304787|b75ddde415	2017-09-25	2055.749230927774
MARYLAND/62/2017|EPI_ISL_294275|b312c94ae6	2017-09-25	2055.749230927774
MARYLAND/70/2017|EPI_ISL_294282|fdf2a62c20	2017-09-26	2054.749230927774
MARYLAND/67/2017|EPI_ISL_294280|aa4af16f96	2017-09-25	2092.763310127463
OHIO/13/2017|EPI_ISL_277234|f32107fb39	2017-07-14	2128.8168429747752
OHIO/14/2017|EPI_ISL_277235|f32107fb39	2017-07-16	2126.8168429747752
MARYLAND/57/2017|EPI_ISL_294270|e2f15cd19f	2017-09-26	2017.7559351568677
OHIO/27/2017|EPI_ISL_329973|6e2de5aba5	2017-07-31	2111.853541708717
MARYLAND/42/2017|EPI_ISL_294259|84d5f613c6	2017-09-19	2061.838908438299
DISTRICTOFCOLUMBIA/01/2017|EPI_ISL_329979|20b4cd3006	2017-09-20	2060.838908438299
MARYLAND/43/2017|EPI_ISL_294260|20b4cd3006	2017-09-20	2060.838908438299
MARYLAND/44/2017|EPI_ISL_294261|20b4cd3006	2017-09-20	2060.838908438299
MARYLAND/60/2017|EPI_ISL_294273|20b4cd3006	2017-09-21	2059.838908438299
MARYLAND/73/2017|EPI_ISL_294285|20b4cd3006	2017-09-19	2061.838908438299
MARYLAND/45/2017|EPI_ISL_294262|20b4cd3006	2017-09-21	2059.838908438299
MARYLAND/76/2017|EPI_ISL_294288|1646150bf9	2017-09-19	2061.838908438299
NEBRASKA/11/2017|EPI_ISL_329980|d283aca499	2017-10-01	2049.841335281426
MARYLAND/49/2017|EPI_ISL_294264|cbe66fc40a	2017-09-25	2055.829092738993
MARYLAND/54/2017|EPI_ISL_294268|cbe66fc40a	2017-09-28	2052.8290927389935
MARYLAND/51/2017|EPI_ISL_294266|cbe66fc40a	2017-09-25	2055.829092738993
MARYLAND/87/2017|EPI_ISL_294296|dbf41d0012	2017-09-26	2054.821841109177
MARYLAND/65/2017|EPI_ISL_294278|097c13ecf3	2017-09-26	2054.8083598689263
OHIO/19/2017|EPI_ISL_277238|9ddeb26ae6	2017-07-18	2087.7559351568693
MARYLAND/72/2017|EPI_ISL_294284|3f391379e5	2017-09-25	2055.816478224887
IOWA/38/2017|EPI_ISL_329971|54919d30c2	2017-12-01	2028.3256738303494
MICHIGAN/88/2016|EPI_ISL_234470|73256c5d6a	2016-08-09	1911.601409127039
MICHIGAN/93/2016|EPI_ISL_234476|1db2711799	2016-08-09	1911.601409127039
OHIO/28/2016|EPI_ISL_232045|9296d140aa	2016-08-04	1916.6014091270383
MICHIGAN/82/2016|EPI_ISL_241847.EPI_ISL_232046|758797ebeb	2016-08-03	1917.601409127038
MICHIGAN/96/2016|EPI_ISL_234479|c36286bc1f	2016-08-10	1910.6014091270392
OHIO/33/2016|EPI_ISL_234475|5dc3288fb0	2016-08-18	1902.6014091270372
OHIO/35/2016|EPI_ISL_234481|5dc3288fb0	2016-08-17	1903.601409127037
MICHIGAN/89/2016|EPI_ISL_234474|5dc3288fb0	2016-08-09	1911.601409127039
MICHIGAN/90/2016|EPI_ISL_234473|5dc3288fb0	2016-08-17	1903.601409127037
MICHIGAN/87/2016|EPI_ISL_234469|2be753a698	2016-08-08	1912.601409127039
MICHIGAN/83/2016|EPI_ISL_232048|ac237c3296	2016-08-09	1911.601409127039
MICHIGAN/91/2016|EPI_ISL_234472|5dc3288fb0	2016-08-11	1909.6014091270395
OHIO/32/2016|EPI_ISL_234480|ce6fbb31b9	2016-08-17	1903.601409127037
MICHIGAN/95/2016|EPI_ISL_234478|ab094ae8a8	2016-08-12	1908.6014091270397
OHIO/29/2016|EPI_ISL_234471|3522df7020	2016-08-14	1906.60140912704
OHIO/27/2016|EPI_ISL_232044.EPI_ISL_241846|07b271b427	2016-07-30	1958.7057869916073
OKLAHOMA/04/2012|EPI_ISL_131272|d23e7a092b	2012-10-08	2342.85624703699
NORWAY/1422/2012|EPI_ISL_132039|2fe79580eb	2012-04-02	2211.09339156623
CZECHREPUBLIC/126/2012|EPI_ISL_129907|10a356fd53	2012-04-18	2158.1984261547154
SANTIAGO/37926/2012|EPI_ISL_124524|24728e48a4	2012-05-28	2119.0722149379226
MENDOZA/176711/2012|EPI_ISL_132538|dd8e550e73	2012-09-05	2079.022556720096
SANTIAGO/45700/2012|EPI_ISL_128988|b6194992a8	2012-06-28	2162.4727704529996
CURICO/51369/2012|EPI_ISL_129166|a275ebd895	2012-07-23	2249.893904571416
SANTIAGO/37126/2012|EPI_ISL_124523|dde9f5c4c2	2012-05-28	2156.1491464002083
WESTVIRGINIA/17/2012|EPI_ISL_128983|940be14be6	2012-08-05	2260.830577709933
OHIO/07/2012|EPI_ISL_120863|ca9a45cab7	2012-04-03	2211.1784382235
PERU/PER316/2012|EPI_ISL_152750|22968e149b	2012-04-10	1903.5107199946508
LOUISIANA/11/2012|EPI_ISL_132116|a2c34860bd	2012-11-06	2101.7359846809404
FLORIDA/3173/2012|EPI_ISL_142134|da3ece17f0	2012-12-19	2021.471677341977
HOUSTON/JMM63/2012|EPI_ISL_189156|64e390abb1	2012-12-10	2110.8533946942916
VICTORIA/920/2012|EPI_ISL_134478|d65fde3c9c	2012-10-06	2023.1774256348062
VICTORIA/7/2012|EPI_ISL_288797.EPI_ISL_137764.EPI_ISL_137750|997be50dbd	2012-05-16	2092.047332751307
GALICIA/RR9911/2012|EPI_ISL_136408|a70f14fcf1	2012-04-18	2268.8856625833414
WYOMING/11/2012|EPI_ISL_122128|ceaf24b4e5	2012-05-10	2021.8380231162284
WYOMING/08/2012|EPI_ISL_120848|f81f468a51	2012-04-04	2020.8794542521625
NEWYORK/WCLVD12010/2012|EPI_ISL_369544|9df14d0299	2012-04-19	2043.3258034706644
NEVADA/25/2012|EPI_ISL_125912|59f0c8e2c8	2012-07-10	1998.1973671894823
VIRGINIA/12/2012|EPI_ISL_121528|b8d22e6724	2012-05-15	1979.7522835056293
UTAH/15/2012|EPI_ISL_122011|d45b4915d6	2012-05-16	1904.7451288305645
PERU/PER078/2012|EPI_ISL_152272|cd13d0d27b	2012-04-04	2059.258890925638
PERU/PER096/2012|EPI_ISL_152289|4a2453b423	2012-04-30	2070.435907864962
PERU/PER389/2012|EPI_ISL_152498|cd13d0d27b	2012-04-02	2061.258890925638
PERU/PER105/2012|EPI_ISL_152348|3a9490d861	2012-04-04	2096.332676883906
PERU/PER108/2012|EPI_ISL_152351|309663ff00	2012-04-16	2008.9582687367226
PERU/1026/2012|EPI_ISL_131270|c66d72ba68	2012-10-03	1838.9089952395234
PERU/PER399/2012|EPI_ISL_152496|155a5eb4d2	2012-04-03	2059.4068714940677
PERU/PER314/2012|EPI_ISL_152748|0074fe17c7	2012-04-18	1895.6765685240136
RIOGRANDEDOSUL/2376/2014|EPI_ISL_263247|41a15769e9	2014-09-22	1353.58392060083
TUCUMAN/I2042/2012|EPI_ISL_132530|158338489d	2012-08-15	1922.578815739467
PERU/PER186/2012|EPI_ISL_152499|4f78cca551	2012-05-31	1816.3675657486722
MARANHAO/123988IEC/2013|EPI_ISL_19870924|442161c803	2013-05-06	1926.0188232714352
RIOGRANDEDONORTE/130375IEC/2014|EPI_ISL_19870929|a2ffe9e028	2014-05-23	1608.101741195834
KALININGRAD/RII10/2012|EPI_ISL_135913|672b3d4803	2012-04-05	2104.32095514693
KILIFI/038/2012|EPI_ISL_393694|634afa50d2	2012-11-24	1521.0886685889168
KENYA/AKENYAPERCH0142012/2012|EPI_ISL_19072245|634afa50d2	2012-11-27	1518.0886685889172
KENYA/AKENYAPERCH0052012/2012|EPI_ISL_19072242|93c93f0af7	2012-10-24	1477.7125042258401
KILIFI/036/2012|EPI_ISL_393693|dcf67a5ec5	2012-11-10	1497.8445885142598
KENYA/AKENYAPERCH0032012/2012|EPI_ISL_19072234|79d40dac76	2012-11-21	1486.8260910851382
KENYA/AKENYAPERCH0132012/2012|EPI_ISL_19072246|9b1e9dd0fe	2012-11-29	1478.7556007712728
KILIFI/125/2012|EPI_ISL_393698|9b1e9dd0fe	2012-11-29	1478.7556007712728
KENYA/250/2012|EPI_ISL_145926|075f83880d	2012-11-12	1570.1913707382769
KENYA/249/2012|EPI_ISL_145925|2ba02b9196	2012-11-12	1607.1897404909644
ALICANTE/33587838/2013|EPI_ISL_144256|90781d7684	2013-02-12	1404.2843340693128
KILIFI/146/2012|EPI_ISL_394112|12b0315471	2012-12-18	1652.113699494296
KILIFI/144/2012|EPI_ISL_393706|41306cd1d7	2012-11-25	1446.7926538289112
KILIFI/035/2012|EPI_ISL_394108|656bcb5c58	2012-11-08	1612.6509076101927
KENYA/AKENYAPERCH0062012/2012|EPI_ISL_19072235|656bcb5c58	2012-11-07	1613.6509076101925
KENYA/252/2012|EPI_ISL_145928|645ab4b4ab	2012-11-09	1659.365808713456
KILIFI/034/2012|EPI_ISL_393692|203345a91d	2012-11-01	1656.2240205804546
KENYA/AKENYAPERCH0072012/2012|EPI_ISL_19072249|203345a91d	2012-11-08	1649.224020580456
KENYA/234/2012|EPI_ISL_139143|228e0703ed	2012-10-09	1753.5860933878132
KENYA/251/2012|EPI_ISL_145927|a2a915fd25	2012-12-13	1614.2720626202365
KENYA/246/2012|EPI_ISL_145922|c52a39914a	2012-11-08	1612.3988557152704
KILIFI/126/2012|EPI_ISL_393699|9d778d37d9	2012-12-08	1619.376904264579
KILIFI/033/2012|EPI_ISL_393691|602bb9ce21	2012-10-20	1631.1824769054
KENYA/233/2012|EPI_ISL_139142|f3c32894ab	2012-10-01	1686.9914556421993
MUWRPUGANDA/362/2012|EPI_ISL_381586|bbec716cc8	2012-11-10	1422.5921941122958
UGANDA/UVRI/KOBOKO/001/20121101|EPI_ISL_498972|3e1e0a1f3d	2012-11-01	1431.6232410532327
MUWRPUGANDA/359/2012|EPI_ISL_381593|72a9cae9c9	2012-10-06	1457.5885863580613
UGANDA/UVRI/KOBOKO/002/20121031|EPI_ISL_498973|739658b015	2012-10-31	1395.659786023488
KENYA/136/2012|EPI_ISL_132561|0aec3e6cd1	2012-08-27	1534.7571996311979
KENYA/125/2012|EPI_ISL_129164|5e47f7766a	2012-06-20	1491.6973638396028
KENYA/119/2012|EPI_ISL_124528|ab6f97ab28	2012-04-03	1606.6753726814923
KENYA/120/2012|EPI_ISL_127843|c4168f26ec	2012-04-04	1568.6978838765297
MARYLAND/15/2012|EPI_ISL_122003|b9f9dc0bb4	2012-05-14	1565.653260270145
MAINE/07/2012|EPI_ISL_121531|7221efb145	2012-05-21	1521.7219247594371
VIRGINIA/09/2012|EPI_ISL_120841|4adf4fab48	2012-04-01	1645.7494836512074
UGANDA/UVRI/KITEBI/002/20120921|EPI_ISL_498977|d028f5e52c	2012-09-21	1472.7535428540048
KENYA/248/2012|EPI_ISL_145924|e6813d80eb	2012-11-12	1495.0459631244462
KENYA/229/2012|EPI_ISL_139134|863f8aa215	2012-05-29	1587.8133832218518
KENYA/231/2012|EPI_ISL_139136|519bbee709	2012-08-03	1558.6413035773176
KENYA/232/2012|EPI_ISL_139141|7ef81b5c50	2012-05-04	1686.8151966841938
KENYA/236/2012|EPI_ISL_139145|abb122fba9	2012-04-30	1654.0105840823517
UGANDA/UVRI/KAWAALA/016/20120730|EPI_ISL_499002|5872014803	2012-07-30	1563.3527757752447
UGANDA/UVRI/ENTEBBE/011/20120806|EPI_ISL_498945|5872014803	2012-08-06	1556.3527757752458
UGANDA/UVRI/KAWAALA/017/20120806|EPI_ISL_499005|c21b026fbe	2012-08-06	1593.3180581529175
UGANDA/UVRI/ENTEBBE/012/20120810|EPI_ISL_498946|e349e13ec1	2012-08-10	1589.356699801992
ZAMBIA/AZAMBIAPERCH0092012/2012|EPI_ISL_19072185|615e0425ab	2012-07-05	1517.1561003276147
ZAMBIA/AZAMBIAPERCH0102012/2012|EPI_ISL_19072191|c284fbf6a1	2012-08-24	1465.9264580976073
ZAMBIA/AZAMBIAPERCH0122012/2012|EPI_ISL_19072184|0ede0fcfb7	2012-09-28	1355.4903461319154
JOHANNESBURG/3495/2012|EPI_ISL_132033|b35a2f65fa	2012-07-04	1366.1294662100263
SOUTHAFRICA/ASOUTHAFRICAPERCH0062012/2012|EPI_ISL_19072174|b35a2f65fa	2012-06-11	1389.1294662100258
SOUTHAFRICA/ASOUTHAFRICAPERCH0122012/2012|EPI_ISL_19072167|b35a2f65fa	2012-08-03	1336.129466210028
SOUTHAFRICA/ASOUTHAFRICAPERCH0112012/2012|EPI_ISL_19072168|751db7b167	2012-07-11	1396.186495419453
SOUTHAFRICA/ASOUTHAFRICAPERCH0072012/2012|EPI_ISL_19072172|2b74889cb5	2012-06-12	1425.093083748597
SOUTHAFRICA/ASOUTHAFRICAPERCH0102012/2012|EPI_ISL_19072169|f9cde7cd14	2012-07-05	1402.1533899961692
JOHANNESBURG/3224/2012|EPI_ISL_132030|1057026253	2012-06-04	1433.5084164242528
MINNESOTA/10/2012|EPI_ISL_121532|38913a8b84	2012-05-03	1656.7767051257283
KENYA/230/2012|EPI_ISL_139135|295e1eea94	2012-04-25	1743.1739771097136
PARMA/157/2015|EPI_ISL_278953|0032baf35e	2015-01-01	996.1643446702989
CHENNAI/222/2013|EPI_ISL_252687|1381ccaea1	2013-11-11	1621.2432764840491
XINJIANGTIANSHAN/1411/2012|EPI_ISL_133063|b41b62a2c0	2012-04-01	2071.8052557262067
KIRIBATI/1/2009|EPI_ISL_17264934|670994042d	2013-01-01	1521.9437658137554
JIANGSUXINPU/1179/2012|EPI_ISL_126341|1c92bc4f15	2012-04-10	2328.2858826720308
TEHRAN/44476/2013|EPI_ISL_156582|fe73e7ca58	2013-02-20	1512.9125937535607
RORAIMA/121069IEC/2012|EPI_ISL_19870913|0c5b0648c0	2012-09-04	1646.8192102470732
HOUSTON/JMM110/2013|EPI_ISL_189266|cd52eba777	2013-01-03	1445.7693469901299
TEXAS/JMM48/2012|EPI_ISL_136501|ead41d89d0	2012-12-04	1512.9654066779626
TEXAS/JMM38/2012|EPI_ISL_136492|00a26f59de	2012-11-30	1516.9586642523898
HOUSTON/JMM71/2012|EPI_ISL_189199|f71b6ab674	2012-12-15	1501.9521529550314
TEXAS/JMM36/2012|EPI_ISL_136490|2bd7333c35	2012-11-29	1555.1305313811688
TEXAS/83/2012|EPI_ISL_132658|0e113f3580	2012-11-02	1544.946858690125
HOUSTON/JMM88/2012|EPI_ISL_189216|bc505666f4	2012-12-21	1496.0085697614436
HOUSTON/JMM104/2013|EPI_ISL_189230|f598e0181d	2013-01-02	1483.9761468901172
HOUSTON/JMM70/2012|EPI_ISL_189233|f7abfaa063	2012-12-14	1502.9761468901174
HOUSTON/JMM121/2013|EPI_ISL_189276|28dfae42ec	2013-01-08	1515.4276892871148
TEXAS/JMM25/2012|EPI_ISL_136480|bd8ccc2d7d	2012-11-26	1483.76934699013
TEXAS/JMM31/2012|EPI_ISL_136485|bd8ccc2d7d	2012-11-28	1481.7693469901303
TEXAS/JMM40/2012|EPI_ISL_136494|bd8ccc2d7d	2012-12-01	1478.769346990131
TEXAS/JMM27/2012|EPI_ISL_136482|bd8ccc2d7d	2012-11-28	1481.7693469901303
TEXAS/JMM11/2012|EPI_ISL_136447|5412edbca3	2012-11-20	1489.769346990129
TEXAS/JMM41/2012|EPI_ISL_136495|bd8ccc2d7d	2012-12-01	1478.769346990131
TEXAS/JMM60/2012|EPI_ISL_136512|bd8ccc2d7d	2012-12-08	1471.7693469901287
TEXAS/JMM12/2012|EPI_ISL_136448|5412edbca3	2012-11-20	1489.769346990129
TEXAS/JMM14/2012|EPI_ISL_136450|1ac54357ce	2012-11-21	1563.2929418434778
MARYLAND/32/2012|EPI_ISL_131278|8e5f5fdf1f	2012-10-13	1490.4354088168363
BOSTON/DOA94/2012|EPI_ISL_129196|fd9ac72c73	2012-04-19	1667.4719125377064
GHANA/FS120657/2012|EPI_ISL_128047|87ad8eb0c0	2012-05-23	1633.570766538716
BADENWUERTTEMBERG/128/2012|EPI_ISL_175457|e4423103c1	2012-04-05	1658.8669316246937
MONTENEGRO/398/2012|EPI_ISL_122677|0bdba46a4b	2012-04-19	1592.8864259939128
MONTENEGRO/323/2012|EPI_ISL_122676|86f0aa7a3f	2012-04-01	1610.8328946761574
SOUTHAFRICA/ASOUTHAFRICAPERCH0082012/2012|EPI_ISL_19072171|9b433806a6	2012-06-20	1567.4155055994972
JOHANNESBURG/5223/2012|EPI_ISL_132034|9b433806a6	2012-06-07	1580.4155055994968
JOHANNESBURG/3303/2012|EPI_ISL_132031|69edef989a	2012-06-18	1606.4523833671765
JOHANNESBURG/5542/2012|EPI_ISL_132035|9b433806a6	2012-06-22	1565.4155055994975
JOHANNESBURG/3392/2012|EPI_ISL_132032|5ee7c60e88	2012-06-25	1600.0895696871032
JOHANNESBURG/5903/2012|EPI_ISL_132037|be2e8997f1	2012-07-03	1592.0271435657874
ZAMBIA/AZAMBIAPERCH0142012/2012|EPI_ISL_19072182|a69a0ee578	2012-10-19	1446.7288387949445
SOUTHAFRICA/ASOUTHAFRICAPERCH0092012/2012|EPI_ISL_19072170|c4f278d44a	2012-07-02	1592.879695008643
ASTRAKHAN/06/2012|EPI_ISL_122004|146c20c930	2012-05-16	1715.2462880901169
STPETERSBURG/20/2012|EPI_ISL_121969|ee4d944426	2012-04-09	1565.290284444306
EKATERINBURG/4/2012|EPI_ISL_121906|a07c323be4	2012-04-19	1629.6587276993548
NORWAY/1196/2012|EPI_ISL_129056|3ad32b8991	2012-04-13	1561.2325856031484
OREGON/07/2012|EPI_ISL_121193|d6019bab14	2012-04-07	1604.5698245302706
NEWYORK/WCLVD12016/2012|EPI_ISL_369550|b04917a235	2012-05-04	1577.4812521020917
MAINE/08/2012|EPI_ISL_131818|9c99579c23	2012-10-28	1663.7235308976774
VICTORIA/829/2012|EPI_ISL_128651|645587f1f9	2012-07-13	1507.403130958741
SYDNEY/1001/2012|EPI_ISL_128658.EPI_ISL_288398|a4459f3b46	2012-07-16	1541.5032185171199
VICTORIA/641/2012|EPI_ISL_128752.EPI_ISL_288375|0ad9f27904	2012-07-18	1539.4534791339913
VICTORIA/342/2012|EPI_ISL_128649|5663963a5d	2012-07-12	1508.403130958741
SYDNEY/195/2012|EPI_ISL_134470.EPI_ISL_288371|938c8f2957	2012-08-06	1520.5623799625178
LOUISIANA/09/2012|EPI_ISL_131275|1eb555c992	2012-10-30	1510.1076213909143
IRELAND/36171/2012|EPI_ISL_121512|f9829068e3	2012-05-01	1543.3286263395782
IRELAND/36172/2012|EPI_ISL_121511|f9829068e3	2012-05-01	1543.3286263395782
IRELAND/32368/2012|EPI_ISL_121514|a84b54f561	2012-04-01	1707.2881379608448
IRELAND/29086/2012|EPI_ISL_121523|2b8cf2bef6	2012-04-01	1783.916980361267
IRELAND/12M28404/2012|EPI_ISL_121930|6114823b24	2012-04-11	1637.55634177908
IRELAND/12M28563/2012|EPI_ISL_121931|08b3c7e062	2012-04-10	1675.5630465599572
IRELAND/33509/2012|EPI_ISL_121510|36991b2cb8	2012-04-01	1632.5894025080331
IRELAND/33198/2012|EPI_ISL_121509|36991b2cb8	2012-04-01	1632.5894025080331
IRELAND/33195/2012|EPI_ISL_121508|1cea5a9df7	2012-04-01	1632.5894025080331
CAMEROON/13V231/2012|EPI_ISL_148462|583fce667c	2012-12-20	1349.1771256614518
STOCKHOLM/39/2012|EPI_ISL_134185.EPI_ISL_131852|583fce667c	2012-11-08	1391.1771256614516
SARAJEVO/58/2013|EPI_ISL_164247|bd7d62f602	2013-01-18	1394.605149281396
NIGERIA/7762/2012|EPI_ISL_138684|02d9e350fd	2012-10-10	1494.3658383004722
TUNISIA/1199/2013|EPI_ISL_142223|fde3dcd4d9	2013-02-13	1443.9044805973651
TANZANIA/303/2012|EPI_ISL_134877|06d00d83ff	2012-11-19	1417.2465129743107
CAMEROON/13V232/2012|EPI_ISL_148463|9038c6f8dc	2012-12-24	1419.4027681254029
PARIS/1390/2012|EPI_ISL_164084|b84336ee6c	2012-04-07	1718.8121467008948
TUNISIA/2635/2013|EPI_ISL_142226|92267077f7	2013-01-29	1346.4329282230035
TUNISIA/2334/2013|EPI_ISL_142224|f17426c23e	2013-02-23	1284.2618447636116
CAMEROON/12V2580/2012|EPI_ISL_140329|6e6ccbee0d	2012-05-29	1743.3791154529297
ABOBO/GR628/2012|EPI_ISL_131993|6a41434d87	2012-06-01	1586.8550597833953
YOPOUGON/GR414/2012|EPI_ISL_132043|6a41434d87	2012-04-17	1631.8550597833944
ATTECOUBE/GR619/2012|EPI_ISL_131998|6a41434d87	2012-06-08	1579.8550597833964
COCODY/GR537/2012|EPI_ISL_132004|6a41434d87	2012-05-14	1604.8550597833955
ATTECOUBE/GR741/2012|EPI_ISL_131999|9627ae494e	2012-07-06	1588.9682963363819
AGNIBILEKROU/GR503/2012|EPI_ISL_131995|f83ca1104b	2012-05-04	1652.0040344423362
GAMBIA/AGAMBIAPERCH0062012/2012|EPI_ISL_19072229|e289522257	2012-11-12	1572.2078146607118
MALI/AMALIPERCH0062012/2012|EPI_ISL_19072250|a8761d982a	2012-09-07	1600.7142359899833
BOUAFLE/GR621/2012|EPI_ISL_132001|0398dcb5ab	2012-05-16	1639.97688055966
ATTECOUBE/GR560/2012|EPI_ISL_131997|0398dcb5ab	2012-05-23	1632.9768805596593
PLATEAU/GR582/2012|EPI_ISL_132042|151fc8db18	2012-05-30	1663.4484804655328
STPETERSBURG/29/2012|EPI_ISL_121971|4f2c31f3e7	2012-04-19	1592.3981833830524
GHANA/DILI0405/2012|EPI_ISL_136374|1912a4e3cd	2012-08-02	1675.573991869386
LORRAINE/1380/2012|EPI_ISL_164074|5342af7626	2012-04-07	1837.2753428713118
ETHIOPIA/141/2012|EPI_ISL_125901|d2cc58f6d0	2012-05-15	1758.9737659424543
DENMARK/40/2012|EPI_ISL_117408|8f4d8b7b8d	2012-04-10	1738.8347787314306
NORTHDAKOTA/07/2012|EPI_ISL_132681|6cb9e30d70	2012-11-12	1646.149841819339
VICTORIA/181/2012|EPI_ISL_192793|a9b9a1e161	2012-08-13	1662.8786022069942
VICTORIA/893/2012|EPI_ISL_134476|bc8ab98083	2012-08-27	1685.9581121885503
VICTORIA/173/2012|EPI_ISL_192791.EPI_ISL_288372|07b4600890	2012-08-06	1744.4335256820036
BRISBANE/157/2012|EPI_ISL_134456|5954e909ea	2012-07-28	1604.5828955456432
SYDNEY/39/2012|EPI_ISL_122570|3b27dad617	2012-05-03	1690.5828955456454
VICTORIA/9/2012|EPI_ISL_137765.EPI_ISL_137751|5954e909ea	2012-06-21	1641.5828955456436
TASMANIA/26/2012|EPI_ISL_128641|8d6b046f9e	2012-06-26	1710.7843599251398
TASMANIA/11/2012|EPI_ISL_122603|9a3623d8f4	2012-06-12	1687.641376526633
VICTORIA/346/2012|EPI_ISL_128655.EPI_ISL_288394|2324df55f7	2012-07-12	1657.6413765266313
VICTORIA/113/2012|EPI_ISL_192780.EPI_ISL_288385|a96213eefa	2012-07-10	1659.6672050314314
VICTORIA/163/2012|EPI_ISL_192790|257240ee08	2012-08-01	1637.7087754998884
BRISBANE/61/2012|EPI_ISL_128682.EPI_ISL_288387|8240bed7d7	2012-06-06	1693.719291805618
PERTH/296/2012|EPI_ISL_137783.EPI_ISL_288257|0a5dcccb0d	2012-11-11	1572.9428159750191
ALASKA/24/2012|EPI_ISL_131829|c87b997011	2012-10-14	1676.091249846515
ALASKA/23/2012|EPI_ISL_131358|c87b997011	2012-10-05	1685.0912498465168
ALASKA/31/2012|EPI_ISL_133998|df8828355d	2012-12-07	1659.2577829843551
ALASKA/22/2012|EPI_ISL_131356|a8fe9b115b	2012-10-01	1689.0912498465161
ALASKA/3103/2012|EPI_ISL_136039|c87b997011	2012-11-15	1644.091249846517
MALAYSIA/4/2013|EPI_ISL_145309|4e499f17e2	2013-02-07	1634.9063472391351
TOWNSVILLE/1004/2012|EPI_ISL_192778.EPI_ISL_288360|dfad1d36f3	2012-08-13	1700.444520211082
ARKANSAS/05/2012|EPI_ISL_134443|f54192d103	2012-12-19	1535.2139141735008
VICTORIA/27/2012|EPI_ISL_288802.EPI_ISL_137766.EPI_ISL_137752|b83d9c2cb8	2012-06-12	1650.5828955456454
NEWCASTLE/33/2012|EPI_ISL_134458|5954e909ea	2012-06-11	1651.5828955456454
SYDNEY/1002/2012|EPI_ISL_128680.EPI_ISL_288384|a51e01a149	2012-07-17	1689.9232784348226
VICTORIA/13/2012|EPI_ISL_128630|9ca5827eab	2012-05-29	1701.7259728397926
PERTH/288/2012|EPI_ISL_134460|598a7634c0	2012-08-09	1704.0317552406277
CANBERRA/5/2012|EPI_ISL_128635.EPI_ISL_288804|41a3a88aca	2012-06-06	1619.1867985440238
UTAH/17/2012|EPI_ISL_122131|c930ceaac1	2012-06-01	1586.923701028136
VICTORIA/873/2012|EPI_ISL_128708|b51f17571d	2012-08-16	1548.252684391548
VICTORIA/87/2012|EPI_ISL_288393.EPI_ISL_137771.EPI_ISL_137756|624ee88bd8	2012-07-04	1591.2526843915475
HAWAII/27/2012|EPI_ISL_130202|409322b9d2	2012-08-24	1614.3971577518917
VICTORIA/175/2012|EPI_ISL_137762.EPI_ISL_137776.EPI_ISL_288373|fb412b52b7	2012-05-19	1637.093083514677
SYDNEY/102/2012|EPI_ISL_14284878|fd9862aa38	2012-06-12	1575.9184645499392
NEWYORK/3045/2012|EPI_ISL_132793|2df7596526	2012-05-03	1541.5709022488195
NAGANO/2204/2012|EPI_ISL_129433|cbd5ea8402	2012-04-05	1606.5954183021706
CAMEROON/12V5054/2012|EPI_ISL_138483|4ef4a0b7fd	2012-10-11	1567.3597175686305
CAMEROON/12V5056/2012|EPI_ISL_140355|3edd58dd31	2012-10-15	1526.2997559289345
CAMEROON/12V5062/2012|EPI_ISL_138485|ce4fb9352e	2012-10-16	1562.3441345091114
CAMEROON/12V4222/2012|EPI_ISL_140330|675e757f56	2012-09-17	1591.3563914951196
CAMEROON/12V4272/2012|EPI_ISL_138458|675e757f56	2012-09-25	1583.3563914951176
CAMEROON/12V4664/2012|EPI_ISL_138461|675e757f56	2012-10-02	1576.3563914951187
CAMEROON/12V4223/2012|EPI_ISL_140331|11c2bd479a	2012-09-15	1668.0032387790977
AGNIBILEKROU/GR509/2012|EPI_ISL_131996|efadc2743e	2012-05-08	1723.3737513252374
ADJAME/GR429/2012|EPI_ISL_131994|cceff10fea	2012-04-20	1703.9433571503384
VICTORIA/511/2012|EPI_ISL_122569|a823c04717	2012-05-23	1558.6716217818253
SOUTHAUSTRALIA/36/2012|EPI_ISL_192759.EPI_ISL_288799|cc28c4ceb0	2012-05-28	1553.6716217818262
SOUTHAUSTRALIA/133/2012|EPI_ISL_134464.EPI_ISL_288368|2310f9cafd	2012-08-20	1617.8747768346648
VICTORIA/192/2012|EPI_ISL_137763.EPI_ISL_137777|e9f03e7657	2012-06-12	1501.7450027185942
VICTORIA/469/2012|EPI_ISL_134473|631fa91d8c	2012-09-06	1415.7450027185919
SOUTHAUSTRALIA/30/2012|EPI_ISL_14284862.EPI_ISL_122560|3a5b5d45a9	2012-05-10	1534.7450027185919
GHANA/FS12758/2012|EPI_ISL_128049|18167f9478	2012-06-15	1498.7245479245605
GHANA/ARI1494/2012|EPI_ISL_128045|5c09ef9cf8	2012-06-20	1568.1977606184903
GHANA/FS120677/2012|EPI_ISL_128048|19b6bd5df9	2012-05-28	1516.6866032710109
GHANA/ARI1554/2012|EPI_ISL_136373|022f6d7790	2012-07-18	1502.791772051573
GHANA/FS120506/2012|EPI_ISL_128046|619c2b6f98	2012-04-05	1532.7448020132874
TENNESSEE/07/2012|EPI_ISL_121995|db9e4e6958	2012-04-10	1533.3918671048302
TENNESSEE/08/2012|EPI_ISL_121996|8af46b0494	2012-04-19	1411.5908458846943
NEVADA/20/2012|EPI_ISL_121197|0dd775c335	2012-04-03	1314.7987483924885
NEVADA/19/2012|EPI_ISL_121199|d948e20659	2012-04-06	1348.904390237336
MINNESOTA/09/2012|EPI_ISL_120862|ecc2a1c75e	2012-04-08	1384.4858407856582
WISCONSIN/10/2012|EPI_ISL_120842|2f18a9ed38	2012-04-02	1353.2592939198505
EHIME/36/2012|EPI_ISL_121881|c549713fb0	2012-04-17	1375.6033727914873
FLORIDA/3171/2012|EPI_ISL_142130|40069e2e7e	2012-12-18	1130.5069059075709
WASHINGTON/3012/2012|EPI_ISL_121817|18892e80b9	2012-04-12	1368.2024880901588
WASHINGTON/3013/2012|EPI_ISL_121818|b1bc05df43	2012-04-09	1371.2000829185993
CALIFORNIA/NHRC347724/2012|EPI_ISL_130400|f0c17d9f77	2012-04-13	1387.9156714527965
ALBERTA/044/2012|EPI_ISL_148367|0a79d6efe5	2012-05-04	1304.4673891055463
COLORADO/3009/2012|EPI_ISL_121814|26e64c3f73	2012-04-17	1363.2243188455998
THAILAND/CUB6309/2012|EPI_ISL_205357|a269c92a6e	2012-07-02	1337.3702634673039
EKATERINBURG/RII13/2012|EPI_ISL_135917|285f3dc00b	2012-04-15	1341.5152449221214
EKATERINBURG/2/2012|EPI_ISL_121905|71ce1769f1	2012-04-19	1559.4245000997416
UGANDA/UVRI/KAWAALA/018/20120810|EPI_ISL_499006|7981e62bd7	2012-08-10	1259.0578332469095
CAIRO/136/2012|EPI_ISL_134329|333fc5ee75	2012-12-27	1268.5771780967011
CAIRO/158/2013|EPI_ISL_140322|be0611cefd	2013-01-09	1255.7194659796005
CAIRO/153/2013|EPI_ISL_140321|fd11209dd1	2013-01-02	1299.7824973317727
CAIRO/152/2013|EPI_ISL_140320|fd11209dd1	2013-01-02	1299.7824973317727
CAIRO/93/2012|EPI_ISL_140328|33d7cb829d	2012-12-13	1245.3504614692606
CAIRO/162/2013|EPI_ISL_140323.EPI_ISL_140324|947a361b33	2013-01-09	1218.1921245912795
CAIRO/81/2012|EPI_ISL_134334|fff29a728c	2012-12-11	1098.6450372583338
CAIRO/63/2012|EPI_ISL_140327|0fa1277add	2012-12-09	1137.7055947761319
BELGIUM/G0044/2013|EPI_ISL_136363|0a02add272	2013-01-07	1145.732537641587
UKRAINE/551/2012|EPI_ISL_134345|05941cffa1	2012-12-11	1172.714574686764
SOUTHAUSTRALIA/2/2013|EPI_ISL_141557.EPI_ISL_288258|86b1381ba3	2013-01-09	1292.8820591423823
CAIRO/134/2012|EPI_ISL_140319|91da6894b9	2012-12-18	1280.0017428282333
CAIRO/132/2012|EPI_ISL_140318|91da6894b9	2012-12-18	1280.0017428282333
CAIRO/59/2012|EPI_ISL_134333|732530dfc0	2012-12-06	1254.5446389602057
CAIRO/140/2012|EPI_ISL_134330|555166ea6a	2012-12-27	1194.270760110342
VICTORIA/189/2012|EPI_ISL_192795|e88f2d6151	2012-08-15	1104.541985330512
SYDNEY/204/2012|EPI_ISL_122562.EPI_ISL_288812|541a08b958	2012-05-14	1197.5419853305132
SOUTHAUCKLAND/7/2012|EPI_ISL_128654|a37e2186dd	2012-06-14	1166.5419853305134
CANBERRA/37/2012|EPI_ISL_128683|a37e2186dd	2012-07-09	1141.5419853305125
NEWYORK/61/2012|EPI_ISL_138002|c684fccd7a	2012-12-31	1078.0296202404122
THAILAND/CUB6780/2012|EPI_ISL_205414|c65ede8703	2012-08-29	1164.9649277406845
SOUTHAUSTRALIA/114/2012|EPI_ISL_192752.EPI_ISL_288392|10033e410a	2012-07-06	1181.698377745192
CANBERRA/35/2012|EPI_ISL_128672.EPI_ISL_288390|4655e1b70b	2012-07-08	1216.778837509645
SYDNEY/233/2012|EPI_ISL_128700.EPI_ISL_288365|c0dd245654	2012-07-25	1199.831505743175
WELLINGTON/21/2012|EPI_ISL_128703|82ddcfff35	2012-07-02	1223.0153893831905
SYDNEY/245/2012|EPI_ISL_134471.EPI_ISL_288341|403ba6a6fc	2012-09-04	1196.0159079153802
SOUTHAUSTRALIA/109/2012|EPI_ISL_192750.EPI_ISL_288408|37b5b08d24	2012-07-05	1182.5328975952227
SOUTHAUSTRALIA/54/2012|EPI_ISL_128634.EPI_ISL_288803|5c687f27ef	2012-06-26	1191.5092431337719
SOUTHAUSTRALIA/81/2012|EPI_ISL_14284869.EPI_ISL_14284868|bd5754a448	2012-07-05	1108.3960189430175
OSAKA/58/2012|EPI_ISL_132216|7894bb3a5d	2012-08-07	1149.4354303758976
SOUTHAUCKLAND/106/2012|EPI_ISL_134462|ff99c993e9	2012-08-03	1153.5603042590667
NEWCASTLE/57/2012|EPI_ISL_128699|eb9dd8ca57	2012-07-13	1100.3960189430188
NEWYORK/WCLVD12024/2012|EPI_ISL_369557|5a3e53e367	2012-08-11	1332.1355468800455
PUERTORICO/34/2012|EPI_ISL_128990|9859cd8757	2012-06-26	1340.9361827654532
TEXAS/52/2012|EPI_ISL_127841|0702fa4efe	2012-07-10	1363.9430608754249
DOMINICANREPUBLIC/6334/2012|EPI_ISL_121533|d4b1beae4d	2012-04-13	1340.6004476919559
DOMINICANREPUBLIC/6632/2012|EPI_ISL_129546|b532f6ead2	2012-07-11	1288.7186679357699
DOMINICANREPUBLIC/6524/2012|EPI_ISL_129165|c5d9315af6	2012-06-04	1400.0349702160042
WISCONSIN/12/2012|EPI_ISL_121534|5d52010658	2012-05-07	1279.4904216452749
CAMBODIA/W0718427/2012|EPI_ISL_240501|a6e37dc44a	2012-07-11	1329.6133508162181
ALBERTA/036/2012|EPI_ISL_148359|5a8384a7db	2012-04-02	1288.7568252128644
CALIFORNIA/3007/2012|EPI_ISL_121812|5b1e75eaa8	2012-04-09	1281.756825212864
ALBERTA/040/2012|EPI_ISL_148363|0a3dd58631	2012-04-09	1339.6825938591446
OHIO/76/2012|EPI_ISL_129550|49c4768275	2012-08-17	1139.3592340994146
BANGLADESH/1621/2012|EPI_ISL_132113|3026c0d483	2012-09-25	1174.545151534529
WASHINGTON/3011/2012|EPI_ISL_121816|3219268bdb	2012-04-20	1270.85357378371
WASHINGTON/3014/2012|EPI_ISL_121819|5d23db1b9e	2012-04-14	1327.1773856142165
ALBERTA/039/2012|EPI_ISL_148362|6b37e446c2	2012-04-05	1293.8705455227102
PERU/1339/2012|EPI_ISL_129405|981b3ebafe	2012-06-18	1310.6886224346938
PERU/PER216/2012|EPI_ISL_152583|ab73de4086	2012-06-01	1216.424664875077
PERU/PER354/2012|EPI_ISL_152816|52a1295485	2012-05-21	1376.1634726039274
PERU/PER222/2012|EPI_ISL_152589|16c784ea3c	2012-04-09	1306.393851143689
PERU/PER371/2012|EPI_ISL_152831|b645bb84fa	2012-07-05	1182.486191766
PERU/PER167/2012|EPI_ISL_152443|b645bb84fa	2012-05-04	1244.4861917660014
PERU/PER221/2012|EPI_ISL_152588|b645bb84fa	2012-05-02	1246.486191766001
PERU/PER175/2012|EPI_ISL_152451|4f2d470430	2012-05-18	1193.4387615774476
PERU/PER363/2012|EPI_ISL_152825|495f566930	2012-05-07	1278.4775446217734
PERU/PER156/2012|EPI_ISL_152432|495f566930	2012-06-06	1248.4775446217718
PERU/PER031/2012|EPI_ISL_152174|ed96452bb4	2012-07-27	1271.6971633458604
PERU/PER037/2012|EPI_ISL_152180|3187e237d5	2012-05-23	1262.4619254471138
PERU/PER301/2012|EPI_ISL_152842|8d6160a31d	2012-04-02	1239.4478875092177
CALIFORNIA/NHRC348385/2012|EPI_ISL_130401|c5566e381c	2012-04-13	1191.3837872394738
COLORADO/3005/2012|EPI_ISL_121810|fab7473d3a	2012-04-04	1237.4194443638046
SOUTHAUSTRALIA/12/2012|EPI_ISL_172966|cf7e5bed1c	2012-04-16	1188.3837872394743
NEWYORK/16/2012|EPI_ISL_122002|283c51e3a9	2012-05-14	1234.6648714382707
NEWYORK/WCLVD12023/2012|EPI_ISL_369556|d2a408cc0a	2012-05-14	1234.6648714382707
PERU/PER280/2012|EPI_ISL_152699|a7a14d2ffc	2012-05-18	1193.5219350124012
PERU/PER063/2012|EPI_ISL_152257|a7a14d2ffc	2012-05-02	1209.5219350124019
PERU/PER219/2012|EPI_ISL_152586|a7a14d2ffc	2012-05-07	1204.521935012401
PERU/PER309/2012|EPI_ISL_152743|a7a14d2ffc	2012-05-09	1202.5219350124014
PERU/PER305/2012|EPI_ISL_152740|a7a14d2ffc	2012-05-07	1204.521935012401
PERU/PER042/2012|EPI_ISL_152185|a7a14d2ffc	2012-05-02	1209.5219350124019
PERU/PER153/2012|EPI_ISL_152429|a7a14d2ffc	2012-04-11	1230.5219350124016
12IRL26168|EPI_ISL_121499|926a47de3e	2012-04-01	1277.5412073595637
PERU/PER232/2012|EPI_ISL_152599|d0bef97a95	2012-05-18	1230.541207359565
PERU/PER331/2012|EPI_ISL_152765|d0bef97a95	2012-05-21	1227.5412073595655
ZAMORA/87/2012|EPI_ISL_143580|218b5bdf1d	2012-04-03	1313.3590725612721
PERU/PER100/2012|EPI_ISL_152293|6ed3f68537	2012-05-11	1274.52385680155
PERU/PER326/2012|EPI_ISL_152760|524482a28d	2012-04-17	1261.2096800810814
BANGLADESH/03/2012|EPI_ISL_260563|5691fe80d1	2012-08-15	1142.0627504129814
SAINTPETERSBURG/RII60/2012|EPI_ISL_131190|d6f563dcc5	2012-04-09	1420.0552809993965
TBILISI/GNCDC0577/2012|EPI_ISL_118483|dbc4a19744	2012-04-04	1425.3290877961772
NETHERLANDS/2/2012|EPI_ISL_17668135|e43e5cbdc7	2012-12-31	1004.793586772373
SURINAME/295/2012|EPI_ISL_128986|1cab8e6589	2012-05-29	1406.4164211076393
SURINAME/297/2012|EPI_ISL_127834|ed15b9c998	2012-05-28	1258.080610751841
GUAM/3047/2012|EPI_ISL_132795|759adda553	2012-05-22	1364.5825661503382
BANGLADESH/02/2012|EPI_ISL_260562|09115755e2	2012-07-24	1052.3468805784378
WASHINGTON/23/2012|EPI_ISL_122007|96eebc2aff	2012-04-15	1226.7472410990542
MARYLAND/18/2012|EPI_ISL_127839|03f21735a8	2012-06-09	1171.7744563731262
ENGLAND/565/2012|EPI_ISL_132008|1d61931634	2012-05-31	1143.4147150023086
HANOI/ELI12113/2012|EPI_ISL_15146243|0e001bc4f2	2012-12-25	1121.6636378924295
AHANAMEL12113171S032012|EPI_ISL_5159639|c1a30b2a7b	2012-12-01	1145.6636378924286
HANOI/ELI12112/2012|EPI_ISL_15146200|cc97bf464c	2012-12-25	1121.6636378924295
HANOI/ELI13124/2013|EPI_ISL_15146246|cc97bf464c	2013-01-07	1108.6636378924281
HANOI/ELI12116/2012|EPI_ISL_15146245|cc97bf464c	2012-12-27	1119.6636378924263
HANOI/ELI12114/2012|EPI_ISL_15146244|cc97bf464c	2012-12-27	1119.6636378924263
HANOI/ELI13142/2013|EPI_ISL_15146247|3be544bc0c	2013-02-05	1079.6636378924263
AHANAMEL13142283S042013|EPI_ISL_5159643|5a893182ac	2013-02-01	1083.663637892429
AHANAMEL12112145S042012|EPI_ISL_5159638|5a893182ac	2012-12-01	1145.6636378924286
AHANAMEL13124150S042013|EPI_ISL_5159642|5a893182ac	2013-01-01	1114.6636378924272
VIETNAM/13VH32/2012|EPI_ISL_173299|c6002fdb2f	2012-12-28	1118.6636378924266
AHANAMEL12114153S022012|EPI_ISL_5159640|5a893182ac	2012-12-01	1145.6636378924286
AHANAMELI121162012|EPI_ISL_5159641|5a893182ac	2012-12-01	1145.6636378924286
VIETNAM/465/2013|EPI_ISL_153219|9bab5dd6c6	2013-09-30	1068.8026763852172
LAOS/I624/2012|EPI_ISL_133576|eb22019659	2012-08-20	1174.2051234960184
LAOS/I653/2012|EPI_ISL_133577|f6ac89d6e1	2012-08-28	1166.2051234960197
LAOS/I462/2012|EPI_ISL_133572|f6ac89d6e1	2012-06-19	1236.205123496018
THAILAND/VIROAF2CS/2012|EPI_ISL_188568|8a63b86d4e	2012-07-30	1269.3090989473908
THAILAND/VIROAF2/2012|EPI_ISL_162298|dfa9d92093	2012-07-30	1269.3090989473908
LAOS/I669/2012|EPI_ISL_133578|9c384ff547	2012-09-03	1160.2051234960172
LAOS/890/2012|EPI_ISL_138006|9c384ff547	2012-11-26	1076.2051234960181
CAMBODIA/W1023353/2012|EPI_ISL_218474|9c384ff547	2012-10-18	1115.2051234960181
LAOS/SA239/2012|EPI_ISL_133581|67f5143a7a	2012-09-11	1226.7585988351755
LAOS/I726/2012|EPI_ISL_133579|a3a55cb56f	2012-09-17	1183.3801072354613
THAILAND/SN11792/2012|EPI_ISL_208793|17d5c726c8	2012-07-30	1232.3048318609349
VIETNAM/13VH33/2012|EPI_ISL_173300|b5a3f97b6a	2012-07-23	1276.6563682019362
BRETAGNE/1867/2012|EPI_ISL_134077|acb8b113d1	2012-12-02	1144.9671625917413
BOSTON/YGA00046/2013|EPI_ISL_160293|bac3382cc6	2013-01-14	1176.2412479853194
LAOS/I763/2012|EPI_ISL_133580|fb5271c711	2012-10-02	1168.3338636564574
CAMBODIA/W1023347/2012|EPI_ISL_218473|6ff92ff41b	2012-10-10	1235.2651134888085
CAMBODIA/W1023343/2012|EPI_ISL_218472|ed974c0fa4	2012-10-05	1240.1682854658964
CAMBODIA/31/2012|EPI_ISL_128701|c03d917e57	2012-06-27	1228.160812005673
CAMBODIA/W0921311/2012|EPI_ISL_218471|1129cef8ea	2012-09-10	1227.6524967966304
ALASKA/16/2012|EPI_ISL_129008|25572b1a58	2012-07-13	1174.972693715198
LAOS/I522/2012|EPI_ISL_133573|e8d66228d8	2012-07-16	1290.1410180413745
VIETNAM/NT12471/2012|EPI_ISL_151418|2d8bf79e51	2012-07-16	1209.3015687269842
VIETNAM/13VH310/2012|EPI_ISL_173308|002467cd59	2012-07-25	1200.3015687269822
CAMBODIA/10/2012|EPI_ISL_128678|0e04f8efaa	2012-07-19	1243.4937317456606
CAMBODIA/W0908340/2012|EPI_ISL_218470|f29f5e5bb6	2012-08-28	1391.2874538044703
UTAH/23/2012|EPI_ISL_125913|08b083a9a9	2012-07-07	1367.6071735483
ETHIOPIA/93/2012|EPI_ISL_125907|40c388799b	2012-04-24	1254.8497952327964
NOSYBE/429/2013|EPI_ISL_145531|5bbbcfe2ce	2013-02-11	1073.2274604152071
ANTANANARIVO/3669/2012|EPI_ISL_141662|aa046778a5	2012-06-13	1279.145281617228
MAEVATANANA/563/2013|EPI_ISL_145527|168b77120f	2013-02-25	1096.4195259335513
MAEVATANANA/974/2013|EPI_ISL_145487|bcee7b08f3	2013-03-11	1120.214112231559
MADAGASCAR/03545/2012|EPI_ISL_129054|38fa477c2c	2012-06-04	1251.1373381385336
MAHAJANGA/3628/2012|EPI_ISL_141688|38fa477c2c	2012-06-01	1254.137338138533
MADAGASCAR/03401/2012|EPI_ISL_128061|dad3fdd48d	2012-05-22	1301.1315800876512
MADAGASCAR/03619/2012|EPI_ISL_128066|dad3fdd48d	2012-06-12	1280.1315800876514
MADAGASCAR/03396/2012|EPI_ISL_128060|dad3fdd48d	2012-05-21	1302.131580087651
TSIROANOMANDIDY/3540/2012|EPI_ISL_141687|f0ae86ac92	2012-06-04	1325.191509223103
MANILA/AFPA00165/2012|EPI_ISL_16854186|0442c34aa4	2012-06-29	1263.5078666941463
DELAWARE/07/2012|EPI_ISL_121196|dcc4edf3c5	2012-04-21	1257.8849374606493
MADAGASCAR/03487/2012|EPI_ISL_128063|4c074628cf	2012-05-31	1405.034351586704
MADAGASCAR/03408/2012|EPI_ISL_128062|4c074628cf	2012-05-22	1414.0343515867041
ANTANANARIVO/4906/2012|EPI_ISL_140317|e9f8b242fa	2012-10-09	1310.983657274021
ANTANANARIVO/3635/2012|EPI_ISL_141661|13e1486d38	2012-06-14	1204.7654036485274
YOKOHAMA/148/2012|EPI_ISL_129033|432550399b	2012-07-15	1210.8905504983034
VICTORIA/120/2012|EPI_ISL_288386.EPI_ISL_137759.EPI_ISL_137773|9704a20c0a	2012-07-16	1209.8905504983036
CHRISTCHURCH/512/2012|EPI_ISL_14284816|09430c579d	2012-07-05	1257.9026687221829
PERU/PER262/2012|EPI_ISL_152648|e4a61cb6c2	2012-04-19	1185.370934375365
BANGLADESH/04/2012|EPI_ISL_260564|1b3833ca56	2012-08-21	1098.424955313345
WISCONSIN/13/2012|EPI_ISL_121529|00390357ab	2012-05-05	1429.6172901182733
KENTUCKY/06/2012|EPI_ISL_120858|f5cb8bd020	2012-04-02	1351.2044719063463
KENTUCKY/09/2012|EPI_ISL_121994|86689c6ab1	2012-05-10	1350.547528752396
INDIANA/05/2012|EPI_ISL_122133|51fbab2c0a	2012-05-14	1346.5196417652533
ALABAMA/08/2012|EPI_ISL_120861|68966040d3	2012-04-04	1274.8104601866735
RIODEJANEIRO/183/2012|EPI_ISL_197066|4677d67fee	2012-05-14	1364.0935813030203
NEVADA/18/2012|EPI_ISL_121192|6716c02333	2012-04-02	1390.5793860533731
ENGLAND/517/2012|EPI_ISL_121911|1b4c17d30c	2012-04-05	1349.110459679271
SINGAPORE/TTSH13A/2012|EPI_ISL_399260|9f07edcf76	2012-07-12	1288.258419559227
ICELAND/24/2012|EPI_ISL_132021.EPI_ISL_132095.EPI_ISL_132096.EPI_ISL_132022.EPI_ISL_122656|42352dcc12	2012-04-14	1378.0964449292026
IWATE/44/2012|EPI_ISL_122209|066c09ed5c	2012-04-18	1261.845669935665
NIIGATAC/80/2012|EPI_ISL_128335|b19927ed5d	2012-05-13	1273.5715329869931
AICHI/89/2012|EPI_ISL_129035|7c95d9eb6b	2012-04-06	1498.4564385161116
ALBERTA/038/2012|EPI_ISL_148361|7dab7beb63	2012-04-04	1221.1624735832338
ALBERTA/037/2012|EPI_ISL_148360|97e573428d	2012-04-02	1223.3112005890487
STPETERSBURG/28/2012|EPI_ISL_121970|0edf3a6dc3	2012-04-19	1222.4712097436418
BANGLADESH/01/2012|EPI_ISL_260561|b8977c484b	2012-07-17	1096.3946682950927
NEWYORK/15/2012|EPI_ISL_121526|c5993f99f1	2012-04-04	1349.8514775426752
RHODEISLAND/07/2012|EPI_ISL_121198|86e92ef0f6	2012-04-18	1335.4180266189546
BUSHEHR/59000/2013|EPI_ISL_156583|1c8e2226d8	2013-04-12	1089.9052007488726
TEHRAN/34891/2013|EPI_ISL_156584|84367be33f	2013-07-04	970.53273536444
MOSCOW/1514A00505149T/2012|EPI_ISL_235235|2d3fc53753	2012-04-12	1225.9706267738682
MOSCOW/1514A00505162N/2012|EPI_ISL_235237|2d3fc53753	2012-04-13	1224.9706267738684
MURMANSK/RII06/2012|EPI_ISL_135914|79ee883286	2012-05-06	1164.950852450451
SAINTPETERSBURG/RII53/2012|EPI_ISL_135911|1ef20de7ae	2012-04-09	1191.95085245045
SAINTPETERSBURG/RII51/2012|EPI_ISL_135916|7a776aac63	2012-04-02	1272.9951102981554
COLORADO/16/2012|EPI_ISL_121991|33844d7733	2012-05-05	1314.4390456557996
JAPAN/3003/2012|EPI_ISL_121808|77af3ce954	2012-04-02	1323.6325695525068
PENNSYLVANIA/16/2012|EPI_ISL_128993|1cbaadd74d	2012-08-18	1133.924830619837
IOWA/10/2012|EPI_ISL_121195|c4f301e3b8	2012-04-14	1261.5569310394617
CZECHREPUBLIC/132/2012|EPI_ISL_129912|687c1862ae	2012-04-24	1026.9423271688502
CZECHREPUBLIC/131/2012|EPI_ISL_129911|687c1862ae	2012-04-24	1026.9423271688502
CAIRO/5/2012|EPI_ISL_134332|26a385f339	2012-11-18	1200.978733566257
CAIRO/47/2012|EPI_ISL_134331|3f0333ef77	2012-11-29	1115.5984883970639
SAINTPETERSBURG/RII06/2013|EPI_ISL_142641|01c0a087d3	2013-01-21	1137.086207905684
SAINTPETERSBURG/6/2013|EPI_ISL_141684|eb70eb40d1	2013-02-13	1114.0862079056844
JORDAN/30502/2012|EPI_ISL_138476|cd994745c6	2012-12-10	1216.7045088889097
UKRAINE/5896/2013|EPI_ISL_144041|f46631e3dc	2013-03-04	1245.4769280470894
HAUTENORMANDIE/385/2013|EPI_ISL_136644|47c4706603	2013-01-23	1210.9372192397973
CAIRO/171/2013|EPI_ISL_140325|23c6b21207	2013-01-14	1143.8707392457459
GEORGIA/606/2012|EPI_ISL_128044|b4c60713b8	2012-04-06	1502.850466900531
ENGLAND/549/2012|EPI_ISL_132005|ad690d1b3f	2012-04-18	1453.8433323674772
VICTORIA/327/2012|EPI_ISL_128670|8d6d8ddbbf	2012-07-09	1101.3660371228982
VICTORIA/515/2012|EPI_ISL_122575|5f6cfab09f	2012-06-01	1139.3660371228987
VICTORIA/527/2012|EPI_ISL_17265004.EPI_ISL_17265005|8d6d8ddbbf	2012-06-11	1129.3660371228987
VICTORIA/43/2012|EPI_ISL_128636.EPI_ISL_288401.EPI_ISL_137769|eaadee24d8	2012-06-21	1156.44062480502
VICTORIA/1002/2012|EPI_ISL_128660.EPI_ISL_288383|c2d0236543	2012-07-16	1206.196322333996
VICTORIA/50/2012|EPI_ISL_192802.EPI_ISL_288404|b1ccf46565	2012-06-25	1152.4984572678547
VICTORIA/535/2012|EPI_ISL_128640.EPI_ISL_288403|b97d83e447	2012-06-18	1159.4811082518027
AMAZONAS/122439IEC/2013|EPI_ISL_19870920|b8ed1f2884	2013-03-04	898.3864709371221
CHEONGJU/G947/2013|EPI_ISL_295355|78a014c686	2013-03-25	936.3505803990432
HONGKONG/CUHK32581/2012|EPI_ISL_327039|7cd7a97e3c	2012-04-01	899.3700960609447
SAKAI/13/2012|EPI_ISL_128332|8c055d64d1	2012-06-24	1041.696257661661
HONGKONG/CUHK33681/2012|EPI_ISL_327100|0e31b2cc06	2012-04-01	975.1628017810771
CAMBODIA/5/2012|EPI_ISL_128677|3794114c8a	2012-07-04	919.8425905991684
CAMBODIA/W0711366/2012|EPI_ISL_240499|e3fe587244	2012-07-04	919.8425905991684
VICTORIA/147/2012|EPI_ISL_192787.EPI_ISL_288378|2ab34d66ce	2012-07-24	898.5918110355799
BERLIN/149/2012|EPI_ISL_175472|f8cfe50472	2012-04-10	916.9800616136858
SANTIAGO/33977/2012|EPI_ISL_125916|567e83aeab	2012-05-13	1006.8394981758898
SHANGHAI/MH1129C2/2017|EPI_ISL_19460387|b884d88a9b	2017-02-12	-990.4043249097317
BEIJING/38891/2012|EPI_ISL_181802|ae17b31109	2012-09-12	1140.351186829741
TAIWAN/94932/2012|EPI_ISL_281402|862bea7c51	2012-05-03	1177.8886319444418
WYOMING/10/2012|EPI_ISL_121990|af8651178b	2012-05-03	942.8310217400435
ARIZONA/M14/2012|EPI_ISL_136526|659d92df7f	2012-04-03	972.8660592395743
COLORADO/15/2012|EPI_ISL_122001|cfdf55874b	2012-04-15	960.8789771121753
NEWMEXICO/11/2012|EPI_ISL_122008|4d01949ebe	2012-04-16	997.1328800893156
ARIZONA/M18/2012|EPI_ISL_136521|e6ac553995	2012-04-09	1004.0556762680452
TROLLHATTAN/2/2012|EPI_ISL_118473|edc2f50c9e	2012-04-19	1031.3341581946697
NORWAY/1293/2012|EPI_ISL_129059|9e85d8fb37	2012-04-27	911.5300842865227
NORWAY/1292/2012|EPI_ISL_136393|2f0c92f19a	2012-04-29	1021.3259025875278
NORWAY/1359/2012|EPI_ISL_129061|5a26ed34fe	2012-05-14	1043.4994706705493
MAINE/05/2012|EPI_ISL_120847|9a01bd50e2	2012-04-03	972.6820852713788
INDIANA/03/2012|EPI_ISL_120849|f4cfa29592	2012-04-03	897.4238693892303
NEWYORK/WCLVD12005/2012|EPI_ISL_369540|ccfe725e5a	2012-04-08	929.6052307795366
SHANGHAI/PD1403C2/2012|EPI_ISL_19460523|4dfecb5e66	2012-04-03	897.3020976173079
SHANGHAI/PD1390C2/2012|EPI_ISL_19460526|4dfecb5e66	2012-04-03	897.3020976173079
SOUTHAUSTRALIA/130/2012|EPI_ISL_14284859|bdebf7d16f	2012-08-20	908.3940311101957
JIANGXIDONGHU/1511/2012|EPI_ISL_190082|bec590507c	2012-12-31	1034.3417855452624
JIANGXIDONGHU/1553/2012|EPI_ISL_190083|cdc2035dd2	2012-12-31	1035.358804834521
MADAGASCAR/03294/2012|EPI_ISL_128059|a060870d26	2012-05-16	928.5489027345251
MADAGASCAR/03233/2012|EPI_ISL_128058|9230059559	2012-05-11	896.342319519175
PERU/PER111/2012|EPI_ISL_152354|775ec877bb	2012-06-01	912.3232896660774
PERU/PER200/2012|EPI_ISL_152568|775ec877bb	2012-06-04	909.3232896660779
PERU/PER260/2012|EPI_ISL_152647|775ec877bb	2012-06-04	909.3232896660779
PERU/PER124/2012|EPI_ISL_152367|775ec877bb	2012-06-04	909.3232896660779
HONGKONG/CUHK35004/2012|EPI_ISL_327117|7b5ecefd8e	2012-05-01	1056.6947338618338
ENGLAND/531/2012|EPI_ISL_121912|496feb7f42	2012-04-16	922.4995573887187
WISCONSIN/V130536/2013|EPI_ISL_187428|f49d29901a	2013-01-01	968.3467947539057
VERMONT/14/2012|EPI_ISL_121530|b6bb7518f1	2012-05-03	941.6207545041829
ITALY/8602/2019|EPI_ISL_366477|8ea92da58c	2019-01-25	-1590.7820328781693
UTAH/12/2012|EPI_ISL_119886|76c7b3cef3	2012-04-01	899.2190649761847
TAIWAN/607/2012|EPI_ISL_122134|65639311a0	2012-05-01	944.401225493563
GUANGDONGHUICHENG/1557/2017|EPI_ISL_278634|6dc2c8aca3	2017-07-12	-1103.0084012496147
VORONEZH/02/2012|EPI_ISL_122173|8830953c2d	2012-04-25	912.9080621190312
SAINTPETERSBURG/RII50/2012|EPI_ISL_131189|480912a4c4	2012-04-10	927.9038837567458
IRKUTSK/RII04/2012|EPI_ISL_135919|98d8de10d5	2012-04-18	959.1530427702285
VICTORIA/3/2012|EPI_ISL_192801.EPI_ISL_288811|669eae3059	2012-05-07	901.0074830861752
SHANGHAIMINXING/1482/2017|EPI_ISL_278569|a1bc0dd6ed	2017-06-18	-1153.492675519029
SHANGHAI/MH1490C2/2017|EPI_ISL_19460385|4e5a7b0dcd	2017-06-18	-1116.377037405378
SOUTHAUSTRALIA/108/2012|EPI_ISL_128650.EPI_ISL_288407|76260a7cc8	2012-07-05	917.6633540986528
VICTORIA/806/2012|EPI_ISL_128629|19058fe1a0	2012-06-11	903.9805974299408
PENNSYLVANIA/09/2012|EPI_ISL_131830.EPI_ISL_121537|ee9625fa18	2012-04-21	917.4348922155652
PUERTORICO/23/2012|EPI_ISL_128989|b457320c85	2012-06-14	900.7981871772146
SHANGHAI/PD1381C2/2012|EPI_ISL_19460527|182c1b3b67	2012-04-01	937.4775279969015
SINGAPORE/19/2012|EPI_ISL_128669|ce6508b4e8	2012-06-04	911.0491267245724
CHRISTCHURCH/519/2012|EPI_ISL_14284817|7aab423c35	2012-07-07	913.5216425877628
SOUTHAUCKLAND/16/2012|EPI_ISL_14284856|e47322a792	2012-06-16	934.5216425877626
CHRISTCHURCH/9/2012|EPI_ISL_128647|430d4c9928	2012-06-11	939.5216425877652
CHRISTCHURCH/15/2012|EPI_ISL_128702|bbf0e8fab9	2012-06-29	921.5216425877649
CHRISTCHURCH/503/2012|EPI_ISL_128643|e996850292	2012-07-03	1028.507495872255
CHRISTCHURCH/23/2012|EPI_ISL_14284814|7541638ca2	2012-07-01	993.5133658794526
WELLINGTON/4/2012|EPI_ISL_128661|5ecd7c556d	2012-06-12	975.4911141541979
CHRISTCHURCH/516/2012|EPI_ISL_128644|8eb1601b32	2012-07-07	987.607330103889
MARYLAND/30/2012|EPI_ISL_129657|c3cb8c4857	2012-07-26	894.6207457342272
TOKYO/5034/2012|EPI_ISL_206575|11df0b9914	2012-12-20	971.0332531015061
KUMAMOTO/92307V/2013|EPI_ISL_206574|569b9e0814	2013-01-15	1095.1687649616574
GIFU/76452V/2013|EPI_ISL_206594|c189e029a0	2013-01-24	1011.5663555927318
KANAGAWA/64271/2013|EPI_ISL_206596|65e9ae6bce	2013-01-16	1322.4134988267826
KAGAWA/62243/2013|EPI_ISL_206595|e2d6cd1e76	2013-01-15	1020.3114254557576
KANAGAWA/59272/2013|EPI_ISL_206577|6b2e91581e	2013-01-16	981.7172303949527
TOKYO/57229/2013|EPI_ISL_206576|1ac828bc47	2013-01-15	1094.8840699495124
TOKYO/56228/2013|EPI_ISL_206578|cdf521e2cf	2013-01-15	1208.0346210979687
FUKUOKA/703184/2013|EPI_ISL_206579|ae212f3093	2013-01-10	1024.618042631158
GUNMA/692/2012|EPI_ISL_206580|4178e801df	2012-12-08	1058.8800607660564
TOKYO/61239/2013|EPI_ISL_206581|5e58903ed7	2013-01-15	1020.8929244628434
TOKYO/77247/2013|EPI_ISL_206582|d7a564a438	2013-01-15	1096.3555474852894
GUNMA/494/2012|EPI_ISL_206586|bdc0895989	2012-12-11	1130.2697713654693
DELHI/1191/2013|EPI_ISL_161488|a85587a7b8	2013-02-16	911.6282699108707
DELHI/9971/2012|EPI_ISL_161481|90922eee2b	2012-12-07	982.2192679196452
HARYANA/9932/2012|EPI_ISL_161480|6c0b8fa159	2012-11-20	962.2572538287824
HYOGO/71310/2013|EPI_ISL_206612|625a7e48ff	2013-01-16	1193.8945162371756
TOKYO/66471V/2013|EPI_ISL_206613|4ed94c6112	2013-01-26	1167.5458058776624
TOKYO/5170/2012|EPI_ISL_206614|bcc68ea657	2012-12-27	1275.2207101583208
THAILAND/CUB7992/2013|EPI_ISL_205428|39a051a6b4	2013-06-11	1304.5868662923504
THAILAND/CUB8236/2013|EPI_ISL_205434|f62e613845	2013-09-09	978.0688577974634
KAMIGOTO/1149/2013|EPI_ISL_17692279|6a949b3fd4	2013-02-24	906.1808540419954
THAILAND/CUH3574/2013|EPI_ISL_205437|86ca6024ee	2013-10-18	974.052506514105
WISCONSIN/U131062/2013|EPI_ISL_187406|caccc5b9ce	2013-01-01	1004.2650040956594
WISCONSIN/V130800/2013|EPI_ISL_187437|aa095cd658	2013-01-01	927.3677575584161
WISCONSIN/U131012/2013|EPI_ISL_187405|14bcf4f22b	2013-01-01	965.9009951760545
WISCONSIN/U130729/2013|EPI_ISL_187398|9e70a371f8	2013-01-01	927.8126601395998
NEVADA/28/2012|EPI_ISL_134010|7e23c0aa2c	2012-12-10	944.6663727271597
ACRE/123599IEC/2013|EPI_ISL_19870923|7531d133f5	2013-04-09	939.1709127921209
ACRE/122740IEC/2013|EPI_ISL_19870922|ca985c1e42	2013-03-15	926.54054266381
CEARA/124303IEC/2013|EPI_ISL_19870925|f93c5dfb23	2013-05-27	966.898509180576
NEWYORK/3225/2012|EPI_ISL_140733|cc654b0118	2012-12-11	905.3547287694522
WISCONSIN/U130717/2013|EPI_ISL_187396|aed18ebe6a	2013-01-01	960.955453004886
WISCONSIN/47/2013|EPI_ISL_196069|ebf8d54059	2013-01-15	946.9554530048849
WISCONSIN/U131069/2013|EPI_ISL_187407|b11a352ce9	2013-01-01	924.5346386361028
HELSINKI/942/2013|EPI_ISL_151121|75e2f37cca	2013-02-27	1779.2611442491632
HELSINKI/824/2013|EPI_ISL_151109|0fe6e4bd2c	2013-02-21	944.6443631205012
THAILAND/CUCB166/2014|EPI_ISL_205392|9cbe0672a2	2014-04-01	1430.5781058733542
MYANMAR/18M066/2018|EPI_ISL_536402|004cc98c5f	2018-08-10	-1164.51579788151
TIANJIN/0122/2018|EPI_ISL_18124891|4228a747e1	2018-12-17	-1330.9338628401229
WISCONSIN/WSLHFLU1700014/2017|EPI_ISL_20390781|602132cf9c	2017-12-11	-1033.6217544631106
WISCONSIN/WSLHFLU1800053/2018|EPI_ISL_20391286|602132cf9c	2018-02-01	-1085.6217544631083
WISCONSIN/WSLHFLU1800110/2018|EPI_ISL_20391217|602132cf9c	2018-03-16	-1128.6217544631113
WISCONSIN/WSLHFLU1700041/2017|EPI_ISL_20390821|602132cf9c	2017-12-09	-1031.6217544631108
WISCONSIN/WSLHFLU1800003/2017|EPI_ISL_20390761|602132cf9c	2017-12-30	-1052.6217544631106
WISCONSIN/WSLHFLU1800008/2018|EPI_ISL_20390756|602132cf9c	2018-01-08	-1061.621754463109
WISCONSIN/WSLHFLU1700040/2017|EPI_ISL_20390831|602132cf9c	2017-12-16	-1038.6217544631097
WISCONSIN/WSLHFLU1700068/2017|EPI_ISL_20390682|602132cf9c	2017-12-26	-1048.6217544631113
WISCONSIN/WSLHFLU1700019/2017|EPI_ISL_20390776|602132cf9c	2017-12-12	-1034.6217544631104
WISCONSIN/WSLHFLU1800048/2018|EPI_ISL_20391281|602132cf9c	2018-01-31	-1084.6217544631086
WISCONSIN/WSLHFLU1700077/2017|EPI_ISL_20390766|602132cf9c	2017-12-27	-1049.6217544631113
WISCONSIN/WSLHFLU1700076/2017|EPI_ISL_20390767|602132cf9c	2017-12-20	-1042.621754463109
WISCONSIN/WSLHFLU1700037/2017|EPI_ISL_20390892|602132cf9c	2017-12-15	-1037.62175446311
WISCONSIN/WSLHFLU1700071/2017|EPI_ISL_20390747|602132cf9c	2017-12-28	-1050.621754463111
WISCONSIN/WSLHFLU1800013/2018|EPI_ISL_20390751|602132cf9c	2018-01-07	-1060.6217544631093
WISCONSIN/WSLHFLU1700049/2017|EPI_ISL_20390746|602132cf9c	2017-12-18	-1040.6217544631093
WISCONSIN/WSLHFLU1700036/2017|EPI_ISL_20390915|602132cf9c	2017-12-15	-1037.62175446311
WISCONSIN/WSLHFLU1700048/2017|EPI_ISL_20390772|602132cf9c	2017-12-18	-1040.6217544631093
MYANMAR/18M090/2018|EPI_ISL_536403|044d6350e2	2018-08-17	-906.9728737455177
MYANMAR/18M023/2018|EPI_ISL_536401|7e2bc7e2db	2018-07-30	-1041.3368493999865
MYANMAR/18M125/2018|EPI_ISL_536405|a296211d7d	2018-08-20	-1064.0718557519995
MYANAMR/18M140/2018|EPI_ISL_536406|8fffd0015b	2018-08-24	-919.2997511790753
MEXICO/INCMNSZ/BMQ897/JAN2020|EPI_ISL_591094|646f5aaca3	2020-01-02	-1452.2889228069403
